image_index,source_name,benchmark_file,width,height,filter,parameters,repetition,status,duration_ms,response_bytes,error
1,1.png,bench_01.png,1024,768,Grayscale,{},1,ok,100.748,846044,
1,1.png,bench_01.png,1024,768,Grayscale,{},2,ok,74.397,846044,
1,1.png,bench_01.png,1024,768,Grayscale,{},3,ok,64.951,846044,
1,1.png,bench_01.png,1024,768,Grayscale,{},4,ok,64.706,846044,
1,1.png,bench_01.png,1024,768,Grayscale,{},5,ok,72.694,846044,
1,1.png,bench_01.png,1024,768,Grayscale,{},6,ok,67.131,846044,
1,1.png,bench_01.png,1024,768,Grayscale,{},7,ok,126.778,846044,
1,1.png,bench_01.png,1024,768,Grayscale,{},8,ok,66.206,846044,
1,1.png,bench_01.png,1024,768,Grayscale,{},9,ok,69.172,846044,
1,1.png,bench_01.png,1024,768,Grayscale,{},10,ok,88.071,846044,
1,1.png,bench_01.png,1024,768,Invert,{},1,ok,96.890,1689160,
1,1.png,bench_01.png,1024,768,Invert,{},2,ok,96.895,1689160,
1,1.png,bench_01.png,1024,768,Invert,{},3,ok,114.968,1689160,
1,1.png,bench_01.png,1024,768,Invert,{},4,ok,109.147,1689160,
1,1.png,bench_01.png,1024,768,Invert,{},5,ok,108.531,1689160,
1,1.png,bench_01.png,1024,768,Invert,{},6,ok,96.408,1689160,
1,1.png,bench_01.png,1024,768,Invert,{},7,ok,99.229,1689160,
1,1.png,bench_01.png,1024,768,Invert,{},8,ok,98.024,1689160,
1,1.png,bench_01.png,1024,768,Invert,{},9,ok,99.013,1689160,
1,1.png,bench_01.png,1024,768,Invert,{},10,ok,120.756,1689160,
1,1.png,bench_01.png,1024,768,Brightness,"{""delta"":40}",1,ok,114.256,1680842,
1,1.png,bench_01.png,1024,768,Brightness,"{""delta"":40}",2,ok,98.839,1680842,
1,1.png,bench_01.png,1024,768,Brightness,"{""delta"":40}",3,ok,112.138,1680842,
1,1.png,bench_01.png,1024,768,Brightness,"{""delta"":40}",4,ok,103.007,1680842,
1,1.png,bench_01.png,1024,768,Brightness,"{""delta"":40}",5,ok,99.351,1680842,
1,1.png,bench_01.png,1024,768,Brightness,"{""delta"":40}",6,ok,127.561,1680842,
1,1.png,bench_01.png,1024,768,Brightness,"{""delta"":40}",7,ok,102.225,1680842,
1,1.png,bench_01.png,1024,768,Brightness,"{""delta"":40}",8,ok,137.178,1680842,
1,1.png,bench_01.png,1024,768,Brightness,"{""delta"":40}",9,ok,123.784,1680842,
1,1.png,bench_01.png,1024,768,Brightness,"{""delta"":40}",10,ok,96.056,1680842,
1,1.png,bench_01.png,1024,768,Contrast,"{""factor"":1.4}",1,ok,68.330,1058487,
1,1.png,bench_01.png,1024,768,Contrast,"{""factor"":1.4}",2,ok,67.742,1058487,
1,1.png,bench_01.png,1024,768,Contrast,"{""factor"":1.4}",3,ok,77.042,1058487,
1,1.png,bench_01.png,1024,768,Contrast,"{""factor"":1.4}",4,ok,84.439,1058487,
1,1.png,bench_01.png,1024,768,Contrast,"{""factor"":1.4}",5,ok,68.127,1058487,
1,1.png,bench_01.png,1024,768,Contrast,"{""factor"":1.4}",6,ok,82.352,1058487,
1,1.png,bench_01.png,1024,768,Contrast,"{""factor"":1.4}",7,ok,68.131,1058487,
1,1.png,bench_01.png,1024,768,Contrast,"{""factor"":1.4}",8,ok,73.895,1058487,
1,1.png,bench_01.png,1024,768,Contrast,"{""factor"":1.4}",9,ok,80.526,1058487,
1,1.png,bench_01.png,1024,768,Contrast,"{""factor"":1.4}",10,ok,117.310,1058487,
1,1.png,bench_01.png,1024,768,Gamma,"{""gamma"":1.6}",1,ok,96.181,1662161,
1,1.png,bench_01.png,1024,768,Gamma,"{""gamma"":1.6}",2,ok,96.857,1662161,
1,1.png,bench_01.png,1024,768,Gamma,"{""gamma"":1.6}",3,ok,95.901,1662161,
1,1.png,bench_01.png,1024,768,Gamma,"{""gamma"":1.6}",4,ok,99.322,1662161,
1,1.png,bench_01.png,1024,768,Gamma,"{""gamma"":1.6}",5,ok,116.239,1662161,
1,1.png,bench_01.png,1024,768,Gamma,"{""gamma"":1.6}",6,ok,100.938,1662161,
1,1.png,bench_01.png,1024,768,Gamma,"{""gamma"":1.6}",7,ok,98.500,1662161,
1,1.png,bench_01.png,1024,768,Gamma,"{""gamma"":1.6}",8,ok,100.686,1662161,
1,1.png,bench_01.png,1024,768,Gamma,"{""gamma"":1.6}",9,ok,96.716,1662161,
1,1.png,bench_01.png,1024,768,Gamma,"{""gamma"":1.6}",10,ok,95.488,1662161,
1,1.png,bench_01.png,1024,768,Smooth,"{""radius"":1}",1,ok,116.163,1505141,
1,1.png,bench_01.png,1024,768,Smooth,"{""radius"":1}",2,ok,115.651,1505141,
1,1.png,bench_01.png,1024,768,Smooth,"{""radius"":1}",3,ok,128.861,1505141,
1,1.png,bench_01.png,1024,768,Smooth,"{""radius"":1}",4,ok,118.686,1505141,
1,1.png,bench_01.png,1024,768,Smooth,"{""radius"":1}",5,ok,120.068,1505141,
1,1.png,bench_01.png,1024,768,Smooth,"{""radius"":1}",6,ok,112.143,1505141,
1,1.png,bench_01.png,1024,768,Smooth,"{""radius"":1}",7,ok,113.493,1505141,
1,1.png,bench_01.png,1024,768,Smooth,"{""radius"":1}",8,ok,129.026,1505141,
1,1.png,bench_01.png,1024,768,Smooth,"{""radius"":1}",9,ok,138.069,1505141,
1,1.png,bench_01.png,1024,768,Smooth,"{""radius"":1}",10,ok,115.221,1505141,
1,1.png,bench_01.png,1024,768,EdgeDetectHV,"{""direction"":2}",1,ok,157.345,1884374,
1,1.png,bench_01.png,1024,768,EdgeDetectHV,"{""direction"":2}",2,ok,159.321,1884374,
1,1.png,bench_01.png,1024,768,EdgeDetectHV,"{""direction"":2}",3,ok,159.193,1884374,
1,1.png,bench_01.png,1024,768,EdgeDetectHV,"{""direction"":2}",4,ok,163.600,1884374,
1,1.png,bench_01.png,1024,768,EdgeDetectHV,"{""direction"":2}",5,ok,159.471,1884374,
1,1.png,bench_01.png,1024,768,EdgeDetectHV,"{""direction"":2}",6,ok,156.087,1884374,
1,1.png,bench_01.png,1024,768,EdgeDetectHV,"{""direction"":2}",7,ok,164.748,1884374,
1,1.png,bench_01.png,1024,768,EdgeDetectHV,"{""direction"":2}",8,ok,172.116,1884374,
1,1.png,bench_01.png,1024,768,EdgeDetectHV,"{""direction"":2}",9,ok,157.582,1884374,
1,1.png,bench_01.png,1024,768,EdgeDetectHV,"{""direction"":2}",10,ok,157.060,1884374,
1,1.png,bench_01.png,1024,768,Flip,"{""axis"":0}",1,ok,108.443,1689006,
1,1.png,bench_01.png,1024,768,Flip,"{""axis"":0}",2,ok,105.765,1689006,
1,1.png,bench_01.png,1024,768,Flip,"{""axis"":0}",3,ok,106.007,1689006,
1,1.png,bench_01.png,1024,768,Flip,"{""axis"":0}",4,ok,106.703,1689006,
1,1.png,bench_01.png,1024,768,Flip,"{""axis"":0}",5,ok,106.568,1689006,
1,1.png,bench_01.png,1024,768,Flip,"{""axis"":0}",6,ok,104.886,1689006,
1,1.png,bench_01.png,1024,768,Flip,"{""axis"":0}",7,ok,108.431,1689006,
1,1.png,bench_01.png,1024,768,Flip,"{""axis"":0}",8,ok,118.265,1689006,
1,1.png,bench_01.png,1024,768,Flip,"{""axis"":0}",9,ok,104.954,1689006,
1,1.png,bench_01.png,1024,768,Flip,"{""axis"":0}",10,ok,110.629,1689006,
1,1.png,bench_01.png,1024,768,Water,"{""amplitude"":5,""wavelength"":20}",1,ok,110.546,1591061,
1,1.png,bench_01.png,1024,768,Water,"{""amplitude"":5,""wavelength"":20}",2,ok,107.527,1591061,
1,1.png,bench_01.png,1024,768,Water,"{""amplitude"":5,""wavelength"":20}",3,ok,115.268,1591061,
1,1.png,bench_01.png,1024,768,Water,"{""amplitude"":5,""wavelength"":20}",4,ok,107.479,1591061,
1,1.png,bench_01.png,1024,768,Water,"{""amplitude"":5,""wavelength"":20}",5,ok,106.732,1591061,
1,1.png,bench_01.png,1024,768,Water,"{""amplitude"":5,""wavelength"":20}",6,ok,105.017,1591061,
1,1.png,bench_01.png,1024,768,Water,"{""amplitude"":5,""wavelength"":20}",7,ok,122.122,1591061,
1,1.png,bench_01.png,1024,768,Water,"{""amplitude"":5,""wavelength"":20}",8,ok,105.055,1591061,
1,1.png,bench_01.png,1024,768,Water,"{""amplitude"":5,""wavelength"":20}",9,ok,111.973,1591061,
1,1.png,bench_01.png,1024,768,Water,"{""amplitude"":5,""wavelength"":20}",10,ok,107.308,1591061,
1,1.png,bench_01.png,1024,768,Stucki,{},1,ok,1919.465,136680,
1,1.png,bench_01.png,1024,768,Stucki,{},2,ok,2202.271,136680,
1,1.png,bench_01.png,1024,768,Stucki,{},3,ok,1820.778,136680,
1,1.png,bench_01.png,1024,768,Stucki,{},4,ok,1826.763,136680,
1,1.png,bench_01.png,1024,768,Stucki,{},5,ok,1818.336,136680,
1,1.png,bench_01.png,1024,768,Stucki,{},6,ok,1877.873,136680,
1,1.png,bench_01.png,1024,768,Stucki,{},7,ok,1787.476,136680,
1,1.png,bench_01.png,1024,768,Stucki,{},8,ok,1842.764,136680,
1,1.png,bench_01.png,1024,768,Stucki,{},9,ok,1893.255,136680,
1,1.png,bench_01.png,1024,768,Stucki,{},10,ok,1835.284,136680,
1,1.png,bench_01.png,1024,768,HistogramEqualizing,{},1,ok,99.030,1641590,
1,1.png,bench_01.png,1024,768,HistogramEqualizing,{},2,ok,99.191,1641590,
1,1.png,bench_01.png,1024,768,HistogramEqualizing,{},3,ok,102.102,1641590,
1,1.png,bench_01.png,1024,768,HistogramEqualizing,{},4,ok,105.984,1641590,
1,1.png,bench_01.png,1024,768,HistogramEqualizing,{},5,ok,96.785,1641590,
1,1.png,bench_01.png,1024,768,HistogramEqualizing,{},6,ok,97.243,1641590,
1,1.png,bench_01.png,1024,768,HistogramEqualizing,{},7,ok,110.864,1641590,
1,1.png,bench_01.png,1024,768,HistogramEqualizing,{},8,ok,98.049,1641590,
1,1.png,bench_01.png,1024,768,HistogramEqualizing,{},9,ok,97.689,1641590,
1,1.png,bench_01.png,1024,768,HistogramEqualizing,{},10,ok,110.885,1641590,
2,7dbdc4b2aea5c3ee84fabe0cfdeadb09.jpg,bench_02.png,1024,768,Grayscale,{},1,ok,56.535,749820,
2,7dbdc4b2aea5c3ee84fabe0cfdeadb09.jpg,bench_02.png,1024,768,Grayscale,{},2,ok,58.599,749820,
2,7dbdc4b2aea5c3ee84fabe0cfdeadb09.jpg,bench_02.png,1024,768,Grayscale,{},3,ok,56.706,749820,
2,7dbdc4b2aea5c3ee84fabe0cfdeadb09.jpg,bench_02.png,1024,768,Grayscale,{},4,ok,57.228,749820,
2,7dbdc4b2aea5c3ee84fabe0cfdeadb09.jpg,bench_02.png,1024,768,Grayscale,{},5,ok,59.372,749820,
2,7dbdc4b2aea5c3ee84fabe0cfdeadb09.jpg,bench_02.png,1024,768,Grayscale,{},6,ok,58.382,749820,
2,7dbdc4b2aea5c3ee84fabe0cfdeadb09.jpg,bench_02.png,1024,768,Grayscale,{},7,ok,57.867,749820,
2,7dbdc4b2aea5c3ee84fabe0cfdeadb09.jpg,bench_02.png,1024,768,Grayscale,{},8,ok,62.202,749820,
2,7dbdc4b2aea5c3ee84fabe0cfdeadb09.jpg,bench_02.png,1024,768,Grayscale,{},9,ok,55.879,749820,
2,7dbdc4b2aea5c3ee84fabe0cfdeadb09.jpg,bench_02.png,1024,768,Grayscale,{},10,ok,55.538,749820,
2,7dbdc4b2aea5c3ee84fabe0cfdeadb09.jpg,bench_02.png,1024,768,Invert,{},1,ok,78.985,1391649,
2,7dbdc4b2aea5c3ee84fabe0cfdeadb09.jpg,bench_02.png,1024,768,Invert,{},2,ok,79.239,1391649,
2,7dbdc4b2aea5c3ee84fabe0cfdeadb09.jpg,bench_02.png,1024,768,Invert,{},3,ok,77.013,1391649,
2,7dbdc4b2aea5c3ee84fabe0cfdeadb09.jpg,bench_02.png,1024,768,Invert,{},4,ok,91.888,1391649,
2,7dbdc4b2aea5c3ee84fabe0cfdeadb09.jpg,bench_02.png,1024,768,Invert,{},5,ok,80.289,1391649,
2,7dbdc4b2aea5c3ee84fabe0cfdeadb09.jpg,bench_02.png,1024,768,Invert,{},6,ok,78.161,1391649,
2,7dbdc4b2aea5c3ee84fabe0cfdeadb09.jpg,bench_02.png,1024,768,Invert,{},7,ok,88.933,1391649,
2,7dbdc4b2aea5c3ee84fabe0cfdeadb09.jpg,bench_02.png,1024,768,Invert,{},8,ok,75.453,1391649,
2,7dbdc4b2aea5c3ee84fabe0cfdeadb09.jpg,bench_02.png,1024,768,Invert,{},9,ok,77.353,1391649,
2,7dbdc4b2aea5c3ee84fabe0cfdeadb09.jpg,bench_02.png,1024,768,Invert,{},10,ok,85.124,1391649,
2,7dbdc4b2aea5c3ee84fabe0cfdeadb09.jpg,bench_02.png,1024,768,Brightness,"{""delta"":40}",1,ok,76.074,1373093,
2,7dbdc4b2aea5c3ee84fabe0cfdeadb09.jpg,bench_02.png,1024,768,Brightness,"{""delta"":40}",2,ok,76.070,1373093,
2,7dbdc4b2aea5c3ee84fabe0cfdeadb09.jpg,bench_02.png,1024,768,Brightness,"{""delta"":40}",3,ok,94.356,1373093,
2,7dbdc4b2aea5c3ee84fabe0cfdeadb09.jpg,bench_02.png,1024,768,Brightness,"{""delta"":40}",4,ok,83.692,1373093,
2,7dbdc4b2aea5c3ee84fabe0cfdeadb09.jpg,bench_02.png,1024,768,Brightness,"{""delta"":40}",5,ok,75.968,1373093,
2,7dbdc4b2aea5c3ee84fabe0cfdeadb09.jpg,bench_02.png,1024,768,Brightness,"{""delta"":40}",6,ok,76.241,1373093,
2,7dbdc4b2aea5c3ee84fabe0cfdeadb09.jpg,bench_02.png,1024,768,Brightness,"{""delta"":40}",7,ok,83.580,1373093,
2,7dbdc4b2aea5c3ee84fabe0cfdeadb09.jpg,bench_02.png,1024,768,Brightness,"{""delta"":40}",8,ok,79.608,1373093,
2,7dbdc4b2aea5c3ee84fabe0cfdeadb09.jpg,bench_02.png,1024,768,Brightness,"{""delta"":40}",9,ok,93.633,1373093,
2,7dbdc4b2aea5c3ee84fabe0cfdeadb09.jpg,bench_02.png,1024,768,Brightness,"{""delta"":40}",10,ok,77.217,1373093,
2,7dbdc4b2aea5c3ee84fabe0cfdeadb09.jpg,bench_02.png,1024,768,Contrast,"{""factor"":1.4}",1,ok,57.884,1000141,
2,7dbdc4b2aea5c3ee84fabe0cfdeadb09.jpg,bench_02.png,1024,768,Contrast,"{""factor"":1.4}",2,ok,57.536,1000141,
2,7dbdc4b2aea5c3ee84fabe0cfdeadb09.jpg,bench_02.png,1024,768,Contrast,"{""factor"":1.4}",3,ok,57.019,1000141,
2,7dbdc4b2aea5c3ee84fabe0cfdeadb09.jpg,bench_02.png,1024,768,Contrast,"{""factor"":1.4}",4,ok,59.735,1000141,
2,7dbdc4b2aea5c3ee84fabe0cfdeadb09.jpg,bench_02.png,1024,768,Contrast,"{""factor"":1.4}",5,ok,62.018,1000141,
2,7dbdc4b2aea5c3ee84fabe0cfdeadb09.jpg,bench_02.png,1024,768,Contrast,"{""factor"":1.4}",6,ok,57.423,1000141,
2,7dbdc4b2aea5c3ee84fabe0cfdeadb09.jpg,bench_02.png,1024,768,Contrast,"{""factor"":1.4}",7,ok,57.675,1000141,
2,7dbdc4b2aea5c3ee84fabe0cfdeadb09.jpg,bench_02.png,1024,768,Contrast,"{""factor"":1.4}",8,ok,71.819,1000141,
2,7dbdc4b2aea5c3ee84fabe0cfdeadb09.jpg,bench_02.png,1024,768,Contrast,"{""factor"":1.4}",9,ok,59.343,1000141,
2,7dbdc4b2aea5c3ee84fabe0cfdeadb09.jpg,bench_02.png,1024,768,Contrast,"{""factor"":1.4}",10,ok,58.484,1000141,
2,7dbdc4b2aea5c3ee84fabe0cfdeadb09.jpg,bench_02.png,1024,768,Gamma,"{""gamma"":1.6}",1,ok,76.524,1344522,
2,7dbdc4b2aea5c3ee84fabe0cfdeadb09.jpg,bench_02.png,1024,768,Gamma,"{""gamma"":1.6}",2,ok,75.743,1344522,
2,7dbdc4b2aea5c3ee84fabe0cfdeadb09.jpg,bench_02.png,1024,768,Gamma,"{""gamma"":1.6}",3,ok,86.624,1344522,
2,7dbdc4b2aea5c3ee84fabe0cfdeadb09.jpg,bench_02.png,1024,768,Gamma,"{""gamma"":1.6}",4,ok,80.647,1344522,
2,7dbdc4b2aea5c3ee84fabe0cfdeadb09.jpg,bench_02.png,1024,768,Gamma,"{""gamma"":1.6}",5,ok,76.187,1344522,
2,7dbdc4b2aea5c3ee84fabe0cfdeadb09.jpg,bench_02.png,1024,768,Gamma,"{""gamma"":1.6}",6,ok,82.154,1344522,
2,7dbdc4b2aea5c3ee84fabe0cfdeadb09.jpg,bench_02.png,1024,768,Gamma,"{""gamma"":1.6}",7,ok,76.823,1344522,
2,7dbdc4b2aea5c3ee84fabe0cfdeadb09.jpg,bench_02.png,1024,768,Gamma,"{""gamma"":1.6}",8,ok,80.545,1344522,
2,7dbdc4b2aea5c3ee84fabe0cfdeadb09.jpg,bench_02.png,1024,768,Gamma,"{""gamma"":1.6}",9,ok,97.598,1344522,
2,7dbdc4b2aea5c3ee84fabe0cfdeadb09.jpg,bench_02.png,1024,768,Gamma,"{""gamma"":1.6}",10,ok,76.162,1344522,
2,7dbdc4b2aea5c3ee84fabe0cfdeadb09.jpg,bench_02.png,1024,768,Smooth,"{""radius"":1}",1,ok,96.490,1312554,
2,7dbdc4b2aea5c3ee84fabe0cfdeadb09.jpg,bench_02.png,1024,768,Smooth,"{""radius"":1}",2,ok,100.253,1312554,
2,7dbdc4b2aea5c3ee84fabe0cfdeadb09.jpg,bench_02.png,1024,768,Smooth,"{""radius"":1}",3,ok,99.477,1312554,
2,7dbdc4b2aea5c3ee84fabe0cfdeadb09.jpg,bench_02.png,1024,768,Smooth,"{""radius"":1}",4,ok,96.715,1312554,
2,7dbdc4b2aea5c3ee84fabe0cfdeadb09.jpg,bench_02.png,1024,768,Smooth,"{""radius"":1}",5,ok,98.065,1312554,
2,7dbdc4b2aea5c3ee84fabe0cfdeadb09.jpg,bench_02.png,1024,768,Smooth,"{""radius"":1}",6,ok,100.615,1312554,
2,7dbdc4b2aea5c3ee84fabe0cfdeadb09.jpg,bench_02.png,1024,768,Smooth,"{""radius"":1}",7,ok,114.219,1312554,
2,7dbdc4b2aea5c3ee84fabe0cfdeadb09.jpg,bench_02.png,1024,768,Smooth,"{""radius"":1}",8,ok,96.811,1312554,
2,7dbdc4b2aea5c3ee84fabe0cfdeadb09.jpg,bench_02.png,1024,768,Smooth,"{""radius"":1}",9,ok,104.772,1312554,
2,7dbdc4b2aea5c3ee84fabe0cfdeadb09.jpg,bench_02.png,1024,768,Smooth,"{""radius"":1}",10,ok,111.859,1312554,
2,7dbdc4b2aea5c3ee84fabe0cfdeadb09.jpg,bench_02.png,1024,768,EdgeDetectHV,"{""direction"":2}",1,ok,144.172,1529330,
2,7dbdc4b2aea5c3ee84fabe0cfdeadb09.jpg,bench_02.png,1024,768,EdgeDetectHV,"{""direction"":2}",2,ok,145.594,1529330,
2,7dbdc4b2aea5c3ee84fabe0cfdeadb09.jpg,bench_02.png,1024,768,EdgeDetectHV,"{""direction"":2}",3,ok,142.202,1529330,
2,7dbdc4b2aea5c3ee84fabe0cfdeadb09.jpg,bench_02.png,1024,768,EdgeDetectHV,"{""direction"":2}",4,ok,149.454,1529330,
2,7dbdc4b2aea5c3ee84fabe0cfdeadb09.jpg,bench_02.png,1024,768,EdgeDetectHV,"{""direction"":2}",5,ok,145.948,1529330,
2,7dbdc4b2aea5c3ee84fabe0cfdeadb09.jpg,bench_02.png,1024,768,EdgeDetectHV,"{""direction"":2}",6,ok,141.549,1529330,
2,7dbdc4b2aea5c3ee84fabe0cfdeadb09.jpg,bench_02.png,1024,768,EdgeDetectHV,"{""direction"":2}",7,ok,140.344,1529330,
2,7dbdc4b2aea5c3ee84fabe0cfdeadb09.jpg,bench_02.png,1024,768,EdgeDetectHV,"{""direction"":2}",8,ok,145.138,1529330,
2,7dbdc4b2aea5c3ee84fabe0cfdeadb09.jpg,bench_02.png,1024,768,EdgeDetectHV,"{""direction"":2}",9,ok,145.094,1529330,
2,7dbdc4b2aea5c3ee84fabe0cfdeadb09.jpg,bench_02.png,1024,768,EdgeDetectHV,"{""direction"":2}",10,ok,141.227,1529330,
2,7dbdc4b2aea5c3ee84fabe0cfdeadb09.jpg,bench_02.png,1024,768,Flip,"{""axis"":0}",1,ok,97.567,1391416,
2,7dbdc4b2aea5c3ee84fabe0cfdeadb09.jpg,bench_02.png,1024,768,Flip,"{""axis"":0}",2,ok,92.233,1391416,
2,7dbdc4b2aea5c3ee84fabe0cfdeadb09.jpg,bench_02.png,1024,768,Flip,"{""axis"":0}",3,ok,89.303,1391416,
2,7dbdc4b2aea5c3ee84fabe0cfdeadb09.jpg,bench_02.png,1024,768,Flip,"{""axis"":0}",4,ok,109.271,1391416,
2,7dbdc4b2aea5c3ee84fabe0cfdeadb09.jpg,bench_02.png,1024,768,Flip,"{""axis"":0}",5,ok,102.163,1391416,
2,7dbdc4b2aea5c3ee84fabe0cfdeadb09.jpg,bench_02.png,1024,768,Flip,"{""axis"":0}",6,ok,86.881,1391416,
2,7dbdc4b2aea5c3ee84fabe0cfdeadb09.jpg,bench_02.png,1024,768,Flip,"{""axis"":0}",7,ok,88.791,1391416,
2,7dbdc4b2aea5c3ee84fabe0cfdeadb09.jpg,bench_02.png,1024,768,Flip,"{""axis"":0}",8,ok,92.380,1391416,
2,7dbdc4b2aea5c3ee84fabe0cfdeadb09.jpg,bench_02.png,1024,768,Flip,"{""axis"":0}",9,ok,104.400,1391416,
2,7dbdc4b2aea5c3ee84fabe0cfdeadb09.jpg,bench_02.png,1024,768,Flip,"{""axis"":0}",10,ok,88.302,1391416,
2,7dbdc4b2aea5c3ee84fabe0cfdeadb09.jpg,bench_02.png,1024,768,Water,"{""amplitude"":5,""wavelength"":20}",1,ok,101.396,1350555,
2,7dbdc4b2aea5c3ee84fabe0cfdeadb09.jpg,bench_02.png,1024,768,Water,"{""amplitude"":5,""wavelength"":20}",2,ok,100.187,1350555,
2,7dbdc4b2aea5c3ee84fabe0cfdeadb09.jpg,bench_02.png,1024,768,Water,"{""amplitude"":5,""wavelength"":20}",3,ok,91.261,1350555,
2,7dbdc4b2aea5c3ee84fabe0cfdeadb09.jpg,bench_02.png,1024,768,Water,"{""amplitude"":5,""wavelength"":20}",4,ok,95.394,1350555,
2,7dbdc4b2aea5c3ee84fabe0cfdeadb09.jpg,bench_02.png,1024,768,Water,"{""amplitude"":5,""wavelength"":20}",5,ok,93.978,1350555,
2,7dbdc4b2aea5c3ee84fabe0cfdeadb09.jpg,bench_02.png,1024,768,Water,"{""amplitude"":5,""wavelength"":20}",6,ok,98.420,1350555,
2,7dbdc4b2aea5c3ee84fabe0cfdeadb09.jpg,bench_02.png,1024,768,Water,"{""amplitude"":5,""wavelength"":20}",7,ok,113.608,1350555,
2,7dbdc4b2aea5c3ee84fabe0cfdeadb09.jpg,bench_02.png,1024,768,Water,"{""amplitude"":5,""wavelength"":20}",8,ok,91.046,1350555,
2,7dbdc4b2aea5c3ee84fabe0cfdeadb09.jpg,bench_02.png,1024,768,Water,"{""amplitude"":5,""wavelength"":20}",9,ok,90.690,1350555,
2,7dbdc4b2aea5c3ee84fabe0cfdeadb09.jpg,bench_02.png,1024,768,Water,"{""amplitude"":5,""wavelength"":20}",10,ok,95.828,1350555,
2,7dbdc4b2aea5c3ee84fabe0cfdeadb09.jpg,bench_02.png,1024,768,Stucki,{},1,ok,1825.998,137805,
2,7dbdc4b2aea5c3ee84fabe0cfdeadb09.jpg,bench_02.png,1024,768,Stucki,{},2,ok,1792.344,137805,
2,7dbdc4b2aea5c3ee84fabe0cfdeadb09.jpg,bench_02.png,1024,768,Stucki,{},3,ok,1861.102,137805,
2,7dbdc4b2aea5c3ee84fabe0cfdeadb09.jpg,bench_02.png,1024,768,Stucki,{},4,ok,1801.749,137805,
2,7dbdc4b2aea5c3ee84fabe0cfdeadb09.jpg,bench_02.png,1024,768,Stucki,{},5,ok,1791.072,137805,
2,7dbdc4b2aea5c3ee84fabe0cfdeadb09.jpg,bench_02.png,1024,768,Stucki,{},6,ok,1811.946,137805,
2,7dbdc4b2aea5c3ee84fabe0cfdeadb09.jpg,bench_02.png,1024,768,Stucki,{},7,ok,1865.048,137805,
2,7dbdc4b2aea5c3ee84fabe0cfdeadb09.jpg,bench_02.png,1024,768,Stucki,{},8,ok,1854.559,137805,
2,7dbdc4b2aea5c3ee84fabe0cfdeadb09.jpg,bench_02.png,1024,768,Stucki,{},9,ok,1778.828,137805,
2,7dbdc4b2aea5c3ee84fabe0cfdeadb09.jpg,bench_02.png,1024,768,Stucki,{},10,ok,1778.150,137805,
2,7dbdc4b2aea5c3ee84fabe0cfdeadb09.jpg,bench_02.png,1024,768,HistogramEqualizing,{},1,ok,79.204,1326067,
2,7dbdc4b2aea5c3ee84fabe0cfdeadb09.jpg,bench_02.png,1024,768,HistogramEqualizing,{},2,ok,106.054,1326067,
2,7dbdc4b2aea5c3ee84fabe0cfdeadb09.jpg,bench_02.png,1024,768,HistogramEqualizing,{},3,ok,78.956,1326067,
2,7dbdc4b2aea5c3ee84fabe0cfdeadb09.jpg,bench_02.png,1024,768,HistogramEqualizing,{},4,ok,82.540,1326067,
2,7dbdc4b2aea5c3ee84fabe0cfdeadb09.jpg,bench_02.png,1024,768,HistogramEqualizing,{},5,ok,87.940,1326067,
2,7dbdc4b2aea5c3ee84fabe0cfdeadb09.jpg,bench_02.png,1024,768,HistogramEqualizing,{},6,ok,83.113,1326067,
2,7dbdc4b2aea5c3ee84fabe0cfdeadb09.jpg,bench_02.png,1024,768,HistogramEqualizing,{},7,ok,84.279,1326067,
2,7dbdc4b2aea5c3ee84fabe0cfdeadb09.jpg,bench_02.png,1024,768,HistogramEqualizing,{},8,ok,82.342,1326067,
2,7dbdc4b2aea5c3ee84fabe0cfdeadb09.jpg,bench_02.png,1024,768,HistogramEqualizing,{},9,ok,91.788,1326067,
2,7dbdc4b2aea5c3ee84fabe0cfdeadb09.jpg,bench_02.png,1024,768,HistogramEqualizing,{},10,ok,79.959,1326067,
3,daminGambit.jpg,bench_03.png,1024,768,Grayscale,{},1,ok,57.925,721485,
3,daminGambit.jpg,bench_03.png,1024,768,Grayscale,{},2,ok,62.659,721485,
3,daminGambit.jpg,bench_03.png,1024,768,Grayscale,{},3,ok,57.696,721485,
3,daminGambit.jpg,bench_03.png,1024,768,Grayscale,{},4,ok,57.193,721485,
3,daminGambit.jpg,bench_03.png,1024,768,Grayscale,{},5,ok,77.759,721485,
3,daminGambit.jpg,bench_03.png,1024,768,Grayscale,{},6,ok,57.153,721485,
3,daminGambit.jpg,bench_03.png,1024,768,Grayscale,{},7,ok,68.950,721485,
3,daminGambit.jpg,bench_03.png,1024,768,Grayscale,{},8,ok,56.550,721485,
3,daminGambit.jpg,bench_03.png,1024,768,Grayscale,{},9,ok,64.332,721485,
3,daminGambit.jpg,bench_03.png,1024,768,Grayscale,{},10,ok,59.005,721485,
3,daminGambit.jpg,bench_03.png,1024,768,Invert,{},1,ok,90.427,1337004,
3,daminGambit.jpg,bench_03.png,1024,768,Invert,{},2,ok,82.293,1337004,
3,daminGambit.jpg,bench_03.png,1024,768,Invert,{},3,ok,85.647,1337004,
3,daminGambit.jpg,bench_03.png,1024,768,Invert,{},4,ok,84.319,1337004,
3,daminGambit.jpg,bench_03.png,1024,768,Invert,{},5,ok,76.074,1337004,
3,daminGambit.jpg,bench_03.png,1024,768,Invert,{},6,ok,79.027,1337004,
3,daminGambit.jpg,bench_03.png,1024,768,Invert,{},7,ok,75.423,1337004,
3,daminGambit.jpg,bench_03.png,1024,768,Invert,{},8,ok,75.051,1337004,
3,daminGambit.jpg,bench_03.png,1024,768,Invert,{},9,ok,76.212,1337004,
3,daminGambit.jpg,bench_03.png,1024,768,Invert,{},10,ok,79.099,1337004,
3,daminGambit.jpg,bench_03.png,1024,768,Brightness,"{""delta"":40}",1,ok,75.684,1323292,
3,daminGambit.jpg,bench_03.png,1024,768,Brightness,"{""delta"":40}",2,ok,80.935,1323292,
3,daminGambit.jpg,bench_03.png,1024,768,Brightness,"{""delta"":40}",3,ok,84.310,1323292,
3,daminGambit.jpg,bench_03.png,1024,768,Brightness,"{""delta"":40}",4,ok,88.517,1323292,
3,daminGambit.jpg,bench_03.png,1024,768,Brightness,"{""delta"":40}",5,ok,76.555,1323292,
3,daminGambit.jpg,bench_03.png,1024,768,Brightness,"{""delta"":40}",6,ok,76.082,1323292,
3,daminGambit.jpg,bench_03.png,1024,768,Brightness,"{""delta"":40}",7,ok,77.610,1323292,
3,daminGambit.jpg,bench_03.png,1024,768,Brightness,"{""delta"":40}",8,ok,76.027,1323292,
3,daminGambit.jpg,bench_03.png,1024,768,Brightness,"{""delta"":40}",9,ok,76.376,1323292,
3,daminGambit.jpg,bench_03.png,1024,768,Brightness,"{""delta"":40}",10,ok,76.542,1323292,
3,daminGambit.jpg,bench_03.png,1024,768,Contrast,"{""factor"":1.4}",1,ok,69.872,1146003,
3,daminGambit.jpg,bench_03.png,1024,768,Contrast,"{""factor"":1.4}",2,ok,81.294,1146003,
3,daminGambit.jpg,bench_03.png,1024,768,Contrast,"{""factor"":1.4}",3,ok,83.687,1146003,
3,daminGambit.jpg,bench_03.png,1024,768,Contrast,"{""factor"":1.4}",4,ok,68.792,1146003,
3,daminGambit.jpg,bench_03.png,1024,768,Contrast,"{""factor"":1.4}",5,ok,70.148,1146003,
3,daminGambit.jpg,bench_03.png,1024,768,Contrast,"{""factor"":1.4}",6,ok,72.167,1146003,
3,daminGambit.jpg,bench_03.png,1024,768,Contrast,"{""factor"":1.4}",7,ok,73.045,1146003,
3,daminGambit.jpg,bench_03.png,1024,768,Contrast,"{""factor"":1.4}",8,ok,68.607,1146003,
3,daminGambit.jpg,bench_03.png,1024,768,Contrast,"{""factor"":1.4}",9,ok,68.496,1146003,
3,daminGambit.jpg,bench_03.png,1024,768,Contrast,"{""factor"":1.4}",10,ok,87.921,1146003,
3,daminGambit.jpg,bench_03.png,1024,768,Gamma,"{""gamma"":1.6}",1,ok,77.480,1275941,
3,daminGambit.jpg,bench_03.png,1024,768,Gamma,"{""gamma"":1.6}",2,ok,77.717,1275941,
3,daminGambit.jpg,bench_03.png,1024,768,Gamma,"{""gamma"":1.6}",3,ok,77.051,1275941,
3,daminGambit.jpg,bench_03.png,1024,768,Gamma,"{""gamma"":1.6}",4,ok,77.293,1275941,
3,daminGambit.jpg,bench_03.png,1024,768,Gamma,"{""gamma"":1.6}",5,ok,76.698,1275941,
3,daminGambit.jpg,bench_03.png,1024,768,Gamma,"{""gamma"":1.6}",6,ok,86.617,1275941,
3,daminGambit.jpg,bench_03.png,1024,768,Gamma,"{""gamma"":1.6}",7,ok,77.843,1275941,
3,daminGambit.jpg,bench_03.png,1024,768,Gamma,"{""gamma"":1.6}",8,ok,79.501,1275941,
3,daminGambit.jpg,bench_03.png,1024,768,Gamma,"{""gamma"":1.6}",9,ok,76.048,1275941,
3,daminGambit.jpg,bench_03.png,1024,768,Gamma,"{""gamma"":1.6}",10,ok,82.020,1275941,
3,daminGambit.jpg,bench_03.png,1024,768,Smooth,"{""radius"":1}",1,ok,97.379,1198787,
3,daminGambit.jpg,bench_03.png,1024,768,Smooth,"{""radius"":1}",2,ok,109.682,1198787,
3,daminGambit.jpg,bench_03.png,1024,768,Smooth,"{""radius"":1}",3,ok,93.732,1198787,
3,daminGambit.jpg,bench_03.png,1024,768,Smooth,"{""radius"":1}",4,ok,97.148,1198787,
3,daminGambit.jpg,bench_03.png,1024,768,Smooth,"{""radius"":1}",5,ok,93.524,1198787,
3,daminGambit.jpg,bench_03.png,1024,768,Smooth,"{""radius"":1}",6,ok,97.680,1198787,
3,daminGambit.jpg,bench_03.png,1024,768,Smooth,"{""radius"":1}",7,ok,98.979,1198787,
3,daminGambit.jpg,bench_03.png,1024,768,Smooth,"{""radius"":1}",8,ok,96.922,1198787,
3,daminGambit.jpg,bench_03.png,1024,768,Smooth,"{""radius"":1}",9,ok,101.386,1198787,
3,daminGambit.jpg,bench_03.png,1024,768,Smooth,"{""radius"":1}",10,ok,93.780,1198787,
3,daminGambit.jpg,bench_03.png,1024,768,EdgeDetectHV,"{""direction"":2}",1,ok,142.130,1441677,
3,daminGambit.jpg,bench_03.png,1024,768,EdgeDetectHV,"{""direction"":2}",2,ok,147.933,1441677,
3,daminGambit.jpg,bench_03.png,1024,768,EdgeDetectHV,"{""direction"":2}",3,ok,147.487,1441677,
3,daminGambit.jpg,bench_03.png,1024,768,EdgeDetectHV,"{""direction"":2}",4,ok,140.440,1441677,
3,daminGambit.jpg,bench_03.png,1024,768,EdgeDetectHV,"{""direction"":2}",5,ok,153.448,1441677,
3,daminGambit.jpg,bench_03.png,1024,768,EdgeDetectHV,"{""direction"":2}",6,ok,157.938,1441677,
3,daminGambit.jpg,bench_03.png,1024,768,EdgeDetectHV,"{""direction"":2}",7,ok,146.566,1441677,
3,daminGambit.jpg,bench_03.png,1024,768,EdgeDetectHV,"{""direction"":2}",8,ok,143.887,1441677,
3,daminGambit.jpg,bench_03.png,1024,768,EdgeDetectHV,"{""direction"":2}",9,ok,141.443,1441677,
3,daminGambit.jpg,bench_03.png,1024,768,EdgeDetectHV,"{""direction"":2}",10,ok,143.745,1441677,
3,daminGambit.jpg,bench_03.png,1024,768,Flip,"{""axis"":0}",1,ok,99.148,1336911,
3,daminGambit.jpg,bench_03.png,1024,768,Flip,"{""axis"":0}",2,ok,89.083,1336911,
3,daminGambit.jpg,bench_03.png,1024,768,Flip,"{""axis"":0}",3,ok,105.977,1336911,
3,daminGambit.jpg,bench_03.png,1024,768,Flip,"{""axis"":0}",4,ok,92.216,1336911,
3,daminGambit.jpg,bench_03.png,1024,768,Flip,"{""axis"":0}",5,ok,89.004,1336911,
3,daminGambit.jpg,bench_03.png,1024,768,Flip,"{""axis"":0}",6,ok,89.041,1336911,
3,daminGambit.jpg,bench_03.png,1024,768,Flip,"{""axis"":0}",7,ok,97.275,1336911,
3,daminGambit.jpg,bench_03.png,1024,768,Flip,"{""axis"":0}",8,ok,117.331,1336911,
3,daminGambit.jpg,bench_03.png,1024,768,Flip,"{""axis"":0}",9,ok,89.247,1336911,
3,daminGambit.jpg,bench_03.png,1024,768,Flip,"{""axis"":0}",10,ok,86.804,1336911,
3,daminGambit.jpg,bench_03.png,1024,768,Water,"{""amplitude"":5,""wavelength"":20}",1,ok,91.870,1284106,
3,daminGambit.jpg,bench_03.png,1024,768,Water,"{""amplitude"":5,""wavelength"":20}",2,ok,90.443,1284106,
3,daminGambit.jpg,bench_03.png,1024,768,Water,"{""amplitude"":5,""wavelength"":20}",3,ok,100.858,1284106,
3,daminGambit.jpg,bench_03.png,1024,768,Water,"{""amplitude"":5,""wavelength"":20}",4,ok,87.769,1284106,
3,daminGambit.jpg,bench_03.png,1024,768,Water,"{""amplitude"":5,""wavelength"":20}",5,ok,88.928,1284106,
3,daminGambit.jpg,bench_03.png,1024,768,Water,"{""amplitude"":5,""wavelength"":20}",6,ok,88.996,1284106,
3,daminGambit.jpg,bench_03.png,1024,768,Water,"{""amplitude"":5,""wavelength"":20}",7,ok,92.448,1284106,
3,daminGambit.jpg,bench_03.png,1024,768,Water,"{""amplitude"":5,""wavelength"":20}",8,ok,92.832,1284106,
3,daminGambit.jpg,bench_03.png,1024,768,Water,"{""amplitude"":5,""wavelength"":20}",9,ok,89.502,1284106,
3,daminGambit.jpg,bench_03.png,1024,768,Water,"{""amplitude"":5,""wavelength"":20}",10,ok,92.466,1284106,
3,daminGambit.jpg,bench_03.png,1024,768,Stucki,{},1,ok,1875.267,140313,
3,daminGambit.jpg,bench_03.png,1024,768,Stucki,{},2,ok,2036.017,140313,
3,daminGambit.jpg,bench_03.png,1024,768,Stucki,{},3,ok,1891.776,140313,
3,daminGambit.jpg,bench_03.png,1024,768,Stucki,{},4,ok,1766.055,140313,
3,daminGambit.jpg,bench_03.png,1024,768,Stucki,{},5,ok,1811.160,140313,
3,daminGambit.jpg,bench_03.png,1024,768,Stucki,{},6,ok,1833.739,140313,
3,daminGambit.jpg,bench_03.png,1024,768,Stucki,{},7,ok,1807.193,140313,
3,daminGambit.jpg,bench_03.png,1024,768,Stucki,{},8,ok,2313.008,140313,
3,daminGambit.jpg,bench_03.png,1024,768,Stucki,{},9,ok,1804.004,140313,
3,daminGambit.jpg,bench_03.png,1024,768,Stucki,{},10,ok,1809.012,140313,
3,daminGambit.jpg,bench_03.png,1024,768,HistogramEqualizing,{},1,ok,80.182,1283899,
3,daminGambit.jpg,bench_03.png,1024,768,HistogramEqualizing,{},2,ok,83.394,1283899,
3,daminGambit.jpg,bench_03.png,1024,768,HistogramEqualizing,{},3,ok,90.850,1283899,
3,daminGambit.jpg,bench_03.png,1024,768,HistogramEqualizing,{},4,ok,95.072,1283899,
3,daminGambit.jpg,bench_03.png,1024,768,HistogramEqualizing,{},5,ok,80.207,1283899,
3,daminGambit.jpg,bench_03.png,1024,768,HistogramEqualizing,{},6,ok,82.581,1283899,
3,daminGambit.jpg,bench_03.png,1024,768,HistogramEqualizing,{},7,ok,89.466,1283899,
3,daminGambit.jpg,bench_03.png,1024,768,HistogramEqualizing,{},8,ok,79.232,1283899,
3,daminGambit.jpg,bench_03.png,1024,768,HistogramEqualizing,{},9,ok,82.451,1283899,
3,daminGambit.jpg,bench_03.png,1024,768,HistogramEqualizing,{},10,ok,82.938,1283899,
4,Gemini_Generated_Image_4xfwna4xfwna4xfw.png,bench_04.png,1024,768,Grayscale,{},1,ok,69.701,755566,
4,Gemini_Generated_Image_4xfwna4xfwna4xfw.png,bench_04.png,1024,768,Grayscale,{},2,ok,59.738,755566,
4,Gemini_Generated_Image_4xfwna4xfwna4xfw.png,bench_04.png,1024,768,Grayscale,{},3,ok,73.781,755566,
4,Gemini_Generated_Image_4xfwna4xfwna4xfw.png,bench_04.png,1024,768,Grayscale,{},4,ok,58.912,755566,
4,Gemini_Generated_Image_4xfwna4xfwna4xfw.png,bench_04.png,1024,768,Grayscale,{},5,ok,59.277,755566,
4,Gemini_Generated_Image_4xfwna4xfwna4xfw.png,bench_04.png,1024,768,Grayscale,{},6,ok,58.781,755566,
4,Gemini_Generated_Image_4xfwna4xfwna4xfw.png,bench_04.png,1024,768,Grayscale,{},7,ok,83.968,755566,
4,Gemini_Generated_Image_4xfwna4xfwna4xfw.png,bench_04.png,1024,768,Grayscale,{},8,ok,62.267,755566,
4,Gemini_Generated_Image_4xfwna4xfwna4xfw.png,bench_04.png,1024,768,Grayscale,{},9,ok,60.024,755566,
4,Gemini_Generated_Image_4xfwna4xfwna4xfw.png,bench_04.png,1024,768,Grayscale,{},10,ok,61.596,755566,
4,Gemini_Generated_Image_4xfwna4xfwna4xfw.png,bench_04.png,1024,768,Invert,{},1,ok,86.838,1490490,
4,Gemini_Generated_Image_4xfwna4xfwna4xfw.png,bench_04.png,1024,768,Invert,{},2,ok,90.333,1490490,
4,Gemini_Generated_Image_4xfwna4xfwna4xfw.png,bench_04.png,1024,768,Invert,{},3,ok,88.540,1490490,
4,Gemini_Generated_Image_4xfwna4xfwna4xfw.png,bench_04.png,1024,768,Invert,{},4,ok,95.146,1490490,
4,Gemini_Generated_Image_4xfwna4xfwna4xfw.png,bench_04.png,1024,768,Invert,{},5,ok,86.957,1490490,
4,Gemini_Generated_Image_4xfwna4xfwna4xfw.png,bench_04.png,1024,768,Invert,{},6,ok,96.685,1490490,
4,Gemini_Generated_Image_4xfwna4xfwna4xfw.png,bench_04.png,1024,768,Invert,{},7,ok,86.633,1490490,
4,Gemini_Generated_Image_4xfwna4xfwna4xfw.png,bench_04.png,1024,768,Invert,{},8,ok,93.825,1490490,
4,Gemini_Generated_Image_4xfwna4xfwna4xfw.png,bench_04.png,1024,768,Invert,{},9,ok,85.324,1490490,
4,Gemini_Generated_Image_4xfwna4xfwna4xfw.png,bench_04.png,1024,768,Invert,{},10,ok,90.914,1490490,
4,Gemini_Generated_Image_4xfwna4xfwna4xfw.png,bench_04.png,1024,768,Brightness,"{""delta"":40}",1,ok,90.942,1424235,
4,Gemini_Generated_Image_4xfwna4xfwna4xfw.png,bench_04.png,1024,768,Brightness,"{""delta"":40}",2,ok,85.773,1424235,
4,Gemini_Generated_Image_4xfwna4xfwna4xfw.png,bench_04.png,1024,768,Brightness,"{""delta"":40}",3,ok,84.578,1424235,
4,Gemini_Generated_Image_4xfwna4xfwna4xfw.png,bench_04.png,1024,768,Brightness,"{""delta"":40}",4,ok,85.604,1424235,
4,Gemini_Generated_Image_4xfwna4xfwna4xfw.png,bench_04.png,1024,768,Brightness,"{""delta"":40}",5,ok,84.944,1424235,
4,Gemini_Generated_Image_4xfwna4xfwna4xfw.png,bench_04.png,1024,768,Brightness,"{""delta"":40}",6,ok,92.280,1424235,
4,Gemini_Generated_Image_4xfwna4xfwna4xfw.png,bench_04.png,1024,768,Brightness,"{""delta"":40}",7,ok,86.387,1424235,
4,Gemini_Generated_Image_4xfwna4xfwna4xfw.png,bench_04.png,1024,768,Brightness,"{""delta"":40}",8,ok,106.854,1424235,
4,Gemini_Generated_Image_4xfwna4xfwna4xfw.png,bench_04.png,1024,768,Brightness,"{""delta"":40}",9,ok,99.305,1424235,
4,Gemini_Generated_Image_4xfwna4xfwna4xfw.png,bench_04.png,1024,768,Brightness,"{""delta"":40}",10,ok,98.030,1424235,
4,Gemini_Generated_Image_4xfwna4xfwna4xfw.png,bench_04.png,1024,768,Contrast,"{""factor"":1.4}",1,ok,80.118,1222874,
4,Gemini_Generated_Image_4xfwna4xfwna4xfw.png,bench_04.png,1024,768,Contrast,"{""factor"":1.4}",2,ok,88.407,1222874,
4,Gemini_Generated_Image_4xfwna4xfwna4xfw.png,bench_04.png,1024,768,Contrast,"{""factor"":1.4}",3,ok,76.321,1222874,
4,Gemini_Generated_Image_4xfwna4xfwna4xfw.png,bench_04.png,1024,768,Contrast,"{""factor"":1.4}",4,ok,88.596,1222874,
4,Gemini_Generated_Image_4xfwna4xfwna4xfw.png,bench_04.png,1024,768,Contrast,"{""factor"":1.4}",5,ok,78.557,1222874,
4,Gemini_Generated_Image_4xfwna4xfwna4xfw.png,bench_04.png,1024,768,Contrast,"{""factor"":1.4}",6,ok,84.917,1222874,
4,Gemini_Generated_Image_4xfwna4xfwna4xfw.png,bench_04.png,1024,768,Contrast,"{""factor"":1.4}",7,ok,76.403,1222874,
4,Gemini_Generated_Image_4xfwna4xfwna4xfw.png,bench_04.png,1024,768,Contrast,"{""factor"":1.4}",8,ok,80.195,1222874,
4,Gemini_Generated_Image_4xfwna4xfwna4xfw.png,bench_04.png,1024,768,Contrast,"{""factor"":1.4}",9,ok,76.806,1222874,
4,Gemini_Generated_Image_4xfwna4xfwna4xfw.png,bench_04.png,1024,768,Contrast,"{""factor"":1.4}",10,ok,76.687,1222874,
4,Gemini_Generated_Image_4xfwna4xfwna4xfw.png,bench_04.png,1024,768,Gamma,"{""gamma"":1.6}",1,ok,89.366,1418095,
4,Gemini_Generated_Image_4xfwna4xfwna4xfw.png,bench_04.png,1024,768,Gamma,"{""gamma"":1.6}",2,ok,86.775,1418095,
4,Gemini_Generated_Image_4xfwna4xfwna4xfw.png,bench_04.png,1024,768,Gamma,"{""gamma"":1.6}",3,ok,85.426,1418095,
4,Gemini_Generated_Image_4xfwna4xfwna4xfw.png,bench_04.png,1024,768,Gamma,"{""gamma"":1.6}",4,ok,85.749,1418095,
4,Gemini_Generated_Image_4xfwna4xfwna4xfw.png,bench_04.png,1024,768,Gamma,"{""gamma"":1.6}",5,ok,96.889,1418095,
4,Gemini_Generated_Image_4xfwna4xfwna4xfw.png,bench_04.png,1024,768,Gamma,"{""gamma"":1.6}",6,ok,98.151,1418095,
4,Gemini_Generated_Image_4xfwna4xfwna4xfw.png,bench_04.png,1024,768,Gamma,"{""gamma"":1.6}",7,ok,90.070,1418095,
4,Gemini_Generated_Image_4xfwna4xfwna4xfw.png,bench_04.png,1024,768,Gamma,"{""gamma"":1.6}",8,ok,89.398,1418095,
4,Gemini_Generated_Image_4xfwna4xfwna4xfw.png,bench_04.png,1024,768,Gamma,"{""gamma"":1.6}",9,ok,86.676,1418095,
4,Gemini_Generated_Image_4xfwna4xfwna4xfw.png,bench_04.png,1024,768,Gamma,"{""gamma"":1.6}",10,ok,86.477,1418095,
4,Gemini_Generated_Image_4xfwna4xfwna4xfw.png,bench_04.png,1024,768,Smooth,"{""radius"":1}",1,ok,110.327,1352764,
4,Gemini_Generated_Image_4xfwna4xfwna4xfw.png,bench_04.png,1024,768,Smooth,"{""radius"":1}",2,ok,117.589,1352764,
4,Gemini_Generated_Image_4xfwna4xfwna4xfw.png,bench_04.png,1024,768,Smooth,"{""radius"":1}",3,ok,106.925,1352764,
4,Gemini_Generated_Image_4xfwna4xfwna4xfw.png,bench_04.png,1024,768,Smooth,"{""radius"":1}",4,ok,106.576,1352764,
4,Gemini_Generated_Image_4xfwna4xfwna4xfw.png,bench_04.png,1024,768,Smooth,"{""radius"":1}",5,ok,117.738,1352764,
4,Gemini_Generated_Image_4xfwna4xfwna4xfw.png,bench_04.png,1024,768,Smooth,"{""radius"":1}",6,ok,107.720,1352764,
4,Gemini_Generated_Image_4xfwna4xfwna4xfw.png,bench_04.png,1024,768,Smooth,"{""radius"":1}",7,ok,105.162,1352764,
4,Gemini_Generated_Image_4xfwna4xfwna4xfw.png,bench_04.png,1024,768,Smooth,"{""radius"":1}",8,ok,106.156,1352764,
4,Gemini_Generated_Image_4xfwna4xfwna4xfw.png,bench_04.png,1024,768,Smooth,"{""radius"":1}",9,ok,106.269,1352764,
4,Gemini_Generated_Image_4xfwna4xfwna4xfw.png,bench_04.png,1024,768,Smooth,"{""radius"":1}",10,ok,115.262,1352764,
4,Gemini_Generated_Image_4xfwna4xfwna4xfw.png,bench_04.png,1024,768,EdgeDetectHV,"{""direction"":2}",1,ok,165.029,1659655,
4,Gemini_Generated_Image_4xfwna4xfwna4xfw.png,bench_04.png,1024,768,EdgeDetectHV,"{""direction"":2}",2,ok,153.721,1659655,
4,Gemini_Generated_Image_4xfwna4xfwna4xfw.png,bench_04.png,1024,768,EdgeDetectHV,"{""direction"":2}",3,ok,158.395,1659655,
4,Gemini_Generated_Image_4xfwna4xfwna4xfw.png,bench_04.png,1024,768,EdgeDetectHV,"{""direction"":2}",4,ok,155.385,1659655,
4,Gemini_Generated_Image_4xfwna4xfwna4xfw.png,bench_04.png,1024,768,EdgeDetectHV,"{""direction"":2}",5,ok,161.149,1659655,
4,Gemini_Generated_Image_4xfwna4xfwna4xfw.png,bench_04.png,1024,768,EdgeDetectHV,"{""direction"":2}",6,ok,172.791,1659655,
4,Gemini_Generated_Image_4xfwna4xfwna4xfw.png,bench_04.png,1024,768,EdgeDetectHV,"{""direction"":2}",7,ok,150.221,1659655,
4,Gemini_Generated_Image_4xfwna4xfwna4xfw.png,bench_04.png,1024,768,EdgeDetectHV,"{""direction"":2}",8,ok,158.152,1659655,
4,Gemini_Generated_Image_4xfwna4xfwna4xfw.png,bench_04.png,1024,768,EdgeDetectHV,"{""direction"":2}",9,ok,156.161,1659655,
4,Gemini_Generated_Image_4xfwna4xfwna4xfw.png,bench_04.png,1024,768,EdgeDetectHV,"{""direction"":2}",10,ok,152.548,1659655,
4,Gemini_Generated_Image_4xfwna4xfwna4xfw.png,bench_04.png,1024,768,Flip,"{""axis"":0}",1,ok,97.415,1489707,
4,Gemini_Generated_Image_4xfwna4xfwna4xfw.png,bench_04.png,1024,768,Flip,"{""axis"":0}",2,ok,108.337,1489707,
4,Gemini_Generated_Image_4xfwna4xfwna4xfw.png,bench_04.png,1024,768,Flip,"{""axis"":0}",3,ok,96.903,1489707,
4,Gemini_Generated_Image_4xfwna4xfwna4xfw.png,bench_04.png,1024,768,Flip,"{""axis"":0}",4,ok,100.864,1489707,
4,Gemini_Generated_Image_4xfwna4xfwna4xfw.png,bench_04.png,1024,768,Flip,"{""axis"":0}",5,ok,102.496,1489707,
4,Gemini_Generated_Image_4xfwna4xfwna4xfw.png,bench_04.png,1024,768,Flip,"{""axis"":0}",6,ok,110.621,1489707,
4,Gemini_Generated_Image_4xfwna4xfwna4xfw.png,bench_04.png,1024,768,Flip,"{""axis"":0}",7,ok,113.287,1489707,
4,Gemini_Generated_Image_4xfwna4xfwna4xfw.png,bench_04.png,1024,768,Flip,"{""axis"":0}",8,ok,114.235,1489707,
4,Gemini_Generated_Image_4xfwna4xfwna4xfw.png,bench_04.png,1024,768,Flip,"{""axis"":0}",9,ok,98.016,1489707,
4,Gemini_Generated_Image_4xfwna4xfwna4xfw.png,bench_04.png,1024,768,Flip,"{""axis"":0}",10,ok,102.057,1489707,
4,Gemini_Generated_Image_4xfwna4xfwna4xfw.png,bench_04.png,1024,768,Water,"{""amplitude"":5,""wavelength"":20}",1,ok,96.498,1421503,
4,Gemini_Generated_Image_4xfwna4xfwna4xfw.png,bench_04.png,1024,768,Water,"{""amplitude"":5,""wavelength"":20}",2,ok,96.859,1421503,
4,Gemini_Generated_Image_4xfwna4xfwna4xfw.png,bench_04.png,1024,768,Water,"{""amplitude"":5,""wavelength"":20}",3,ok,95.900,1421503,
4,Gemini_Generated_Image_4xfwna4xfwna4xfw.png,bench_04.png,1024,768,Water,"{""amplitude"":5,""wavelength"":20}",4,ok,120.961,1421503,
4,Gemini_Generated_Image_4xfwna4xfwna4xfw.png,bench_04.png,1024,768,Water,"{""amplitude"":5,""wavelength"":20}",5,ok,96.294,1421503,
4,Gemini_Generated_Image_4xfwna4xfwna4xfw.png,bench_04.png,1024,768,Water,"{""amplitude"":5,""wavelength"":20}",6,ok,95.174,1421503,
4,Gemini_Generated_Image_4xfwna4xfwna4xfw.png,bench_04.png,1024,768,Water,"{""amplitude"":5,""wavelength"":20}",7,ok,114.297,1421503,
4,Gemini_Generated_Image_4xfwna4xfwna4xfw.png,bench_04.png,1024,768,Water,"{""amplitude"":5,""wavelength"":20}",8,ok,95.965,1421503,
4,Gemini_Generated_Image_4xfwna4xfwna4xfw.png,bench_04.png,1024,768,Water,"{""amplitude"":5,""wavelength"":20}",9,ok,109.406,1421503,
4,Gemini_Generated_Image_4xfwna4xfwna4xfw.png,bench_04.png,1024,768,Water,"{""amplitude"":5,""wavelength"":20}",10,ok,100.175,1421503,
4,Gemini_Generated_Image_4xfwna4xfwna4xfw.png,bench_04.png,1024,768,Stucki,{},1,ok,1801.820,142745,
4,Gemini_Generated_Image_4xfwna4xfwna4xfw.png,bench_04.png,1024,768,Stucki,{},2,ok,1855.033,142745,
4,Gemini_Generated_Image_4xfwna4xfwna4xfw.png,bench_04.png,1024,768,Stucki,{},3,ok,1842.530,142745,
4,Gemini_Generated_Image_4xfwna4xfwna4xfw.png,bench_04.png,1024,768,Stucki,{},4,ok,1808.604,142745,
4,Gemini_Generated_Image_4xfwna4xfwna4xfw.png,bench_04.png,1024,768,Stucki,{},5,ok,1942.164,142745,
4,Gemini_Generated_Image_4xfwna4xfwna4xfw.png,bench_04.png,1024,768,Stucki,{},6,ok,1909.159,142745,
4,Gemini_Generated_Image_4xfwna4xfwna4xfw.png,bench_04.png,1024,768,Stucki,{},7,ok,1881.813,142745,
4,Gemini_Generated_Image_4xfwna4xfwna4xfw.png,bench_04.png,1024,768,Stucki,{},8,ok,1981.786,142745,
4,Gemini_Generated_Image_4xfwna4xfwna4xfw.png,bench_04.png,1024,768,Stucki,{},9,ok,1802.456,142745,
4,Gemini_Generated_Image_4xfwna4xfwna4xfw.png,bench_04.png,1024,768,Stucki,{},10,ok,1846.341,142745,
4,Gemini_Generated_Image_4xfwna4xfwna4xfw.png,bench_04.png,1024,768,HistogramEqualizing,{},1,ok,94.332,1447010,
4,Gemini_Generated_Image_4xfwna4xfwna4xfw.png,bench_04.png,1024,768,HistogramEqualizing,{},2,ok,88.560,1447010,
4,Gemini_Generated_Image_4xfwna4xfwna4xfw.png,bench_04.png,1024,768,HistogramEqualizing,{},3,ok,96.558,1447010,
4,Gemini_Generated_Image_4xfwna4xfwna4xfw.png,bench_04.png,1024,768,HistogramEqualizing,{},4,ok,90.421,1447010,
4,Gemini_Generated_Image_4xfwna4xfwna4xfw.png,bench_04.png,1024,768,HistogramEqualizing,{},5,ok,91.652,1447010,
4,Gemini_Generated_Image_4xfwna4xfwna4xfw.png,bench_04.png,1024,768,HistogramEqualizing,{},6,ok,88.965,1447010,
4,Gemini_Generated_Image_4xfwna4xfwna4xfw.png,bench_04.png,1024,768,HistogramEqualizing,{},7,ok,89.807,1447010,
4,Gemini_Generated_Image_4xfwna4xfwna4xfw.png,bench_04.png,1024,768,HistogramEqualizing,{},8,ok,93.458,1447010,
4,Gemini_Generated_Image_4xfwna4xfwna4xfw.png,bench_04.png,1024,768,HistogramEqualizing,{},9,ok,90.631,1447010,
4,Gemini_Generated_Image_4xfwna4xfwna4xfw.png,bench_04.png,1024,768,HistogramEqualizing,{},10,ok,101.528,1447010,
5,Gemini_Generated_Image_mxni0xmxni0xmxni.png,bench_05.png,1024,768,Grayscale,{},1,ok,59.939,723208,
5,Gemini_Generated_Image_mxni0xmxni0xmxni.png,bench_05.png,1024,768,Grayscale,{},2,ok,60.125,723208,
5,Gemini_Generated_Image_mxni0xmxni0xmxni.png,bench_05.png,1024,768,Grayscale,{},3,ok,62.593,723208,
5,Gemini_Generated_Image_mxni0xmxni0xmxni.png,bench_05.png,1024,768,Grayscale,{},4,ok,59.172,723208,
5,Gemini_Generated_Image_mxni0xmxni0xmxni.png,bench_05.png,1024,768,Grayscale,{},5,ok,59.477,723208,
5,Gemini_Generated_Image_mxni0xmxni0xmxni.png,bench_05.png,1024,768,Grayscale,{},6,ok,60.382,723208,
5,Gemini_Generated_Image_mxni0xmxni0xmxni.png,bench_05.png,1024,768,Grayscale,{},7,ok,59.216,723208,
5,Gemini_Generated_Image_mxni0xmxni0xmxni.png,bench_05.png,1024,768,Grayscale,{},8,ok,69.236,723208,
5,Gemini_Generated_Image_mxni0xmxni0xmxni.png,bench_05.png,1024,768,Grayscale,{},9,ok,59.270,723208,
5,Gemini_Generated_Image_mxni0xmxni0xmxni.png,bench_05.png,1024,768,Grayscale,{},10,ok,61.494,723208,
5,Gemini_Generated_Image_mxni0xmxni0xmxni.png,bench_05.png,1024,768,Invert,{},1,ok,82.341,1268109,
5,Gemini_Generated_Image_mxni0xmxni0xmxni.png,bench_05.png,1024,768,Invert,{},2,ok,78.111,1268109,
5,Gemini_Generated_Image_mxni0xmxni0xmxni.png,bench_05.png,1024,768,Invert,{},3,ok,91.960,1268109,
5,Gemini_Generated_Image_mxni0xmxni0xmxni.png,bench_05.png,1024,768,Invert,{},4,ok,82.959,1268109,
5,Gemini_Generated_Image_mxni0xmxni0xmxni.png,bench_05.png,1024,768,Invert,{},5,ok,98.462,1268109,
5,Gemini_Generated_Image_mxni0xmxni0xmxni.png,bench_05.png,1024,768,Invert,{},6,ok,81.470,1268109,
5,Gemini_Generated_Image_mxni0xmxni0xmxni.png,bench_05.png,1024,768,Invert,{},7,ok,82.083,1268109,
5,Gemini_Generated_Image_mxni0xmxni0xmxni.png,bench_05.png,1024,768,Invert,{},8,ok,78.680,1268109,
5,Gemini_Generated_Image_mxni0xmxni0xmxni.png,bench_05.png,1024,768,Invert,{},9,ok,78.945,1268109,
5,Gemini_Generated_Image_mxni0xmxni0xmxni.png,bench_05.png,1024,768,Invert,{},10,ok,80.399,1268109,
5,Gemini_Generated_Image_mxni0xmxni0xmxni.png,bench_05.png,1024,768,Brightness,"{""delta"":40}",1,ok,77.799,1186585,
5,Gemini_Generated_Image_mxni0xmxni0xmxni.png,bench_05.png,1024,768,Brightness,"{""delta"":40}",2,ok,77.560,1186585,
5,Gemini_Generated_Image_mxni0xmxni0xmxni.png,bench_05.png,1024,768,Brightness,"{""delta"":40}",3,ok,77.553,1186585,
5,Gemini_Generated_Image_mxni0xmxni0xmxni.png,bench_05.png,1024,768,Brightness,"{""delta"":40}",4,ok,88.700,1186585,
5,Gemini_Generated_Image_mxni0xmxni0xmxni.png,bench_05.png,1024,768,Brightness,"{""delta"":40}",5,ok,78.130,1186585,
5,Gemini_Generated_Image_mxni0xmxni0xmxni.png,bench_05.png,1024,768,Brightness,"{""delta"":40}",6,ok,78.046,1186585,
5,Gemini_Generated_Image_mxni0xmxni0xmxni.png,bench_05.png,1024,768,Brightness,"{""delta"":40}",7,ok,77.722,1186585,
5,Gemini_Generated_Image_mxni0xmxni0xmxni.png,bench_05.png,1024,768,Brightness,"{""delta"":40}",8,ok,104.590,1186585,
5,Gemini_Generated_Image_mxni0xmxni0xmxni.png,bench_05.png,1024,768,Brightness,"{""delta"":40}",9,ok,77.815,1186585,
5,Gemini_Generated_Image_mxni0xmxni0xmxni.png,bench_05.png,1024,768,Brightness,"{""delta"":40}",10,ok,77.051,1186585,
5,Gemini_Generated_Image_mxni0xmxni0xmxni.png,bench_05.png,1024,768,Contrast,"{""factor"":1.4}",1,ok,69.492,1004774,
5,Gemini_Generated_Image_mxni0xmxni0xmxni.png,bench_05.png,1024,768,Contrast,"{""factor"":1.4}",2,ok,70.563,1004774,
5,Gemini_Generated_Image_mxni0xmxni0xmxni.png,bench_05.png,1024,768,Contrast,"{""factor"":1.4}",3,ok,70.626,1004774,
5,Gemini_Generated_Image_mxni0xmxni0xmxni.png,bench_05.png,1024,768,Contrast,"{""factor"":1.4}",4,ok,69.949,1004774,
5,Gemini_Generated_Image_mxni0xmxni0xmxni.png,bench_05.png,1024,768,Contrast,"{""factor"":1.4}",5,ok,84.973,1004774,
5,Gemini_Generated_Image_mxni0xmxni0xmxni.png,bench_05.png,1024,768,Contrast,"{""factor"":1.4}",6,ok,69.714,1004774,
5,Gemini_Generated_Image_mxni0xmxni0xmxni.png,bench_05.png,1024,768,Contrast,"{""factor"":1.4}",7,ok,69.499,1004774,
5,Gemini_Generated_Image_mxni0xmxni0xmxni.png,bench_05.png,1024,768,Contrast,"{""factor"":1.4}",8,ok,81.356,1004774,
5,Gemini_Generated_Image_mxni0xmxni0xmxni.png,bench_05.png,1024,768,Contrast,"{""factor"":1.4}",9,ok,69.317,1004774,
5,Gemini_Generated_Image_mxni0xmxni0xmxni.png,bench_05.png,1024,768,Contrast,"{""factor"":1.4}",10,ok,69.875,1004774,
5,Gemini_Generated_Image_mxni0xmxni0xmxni.png,bench_05.png,1024,768,Gamma,"{""gamma"":1.6}",1,ok,84.103,1205551,
5,Gemini_Generated_Image_mxni0xmxni0xmxni.png,bench_05.png,1024,768,Gamma,"{""gamma"":1.6}",2,ok,79.446,1205551,
5,Gemini_Generated_Image_mxni0xmxni0xmxni.png,bench_05.png,1024,768,Gamma,"{""gamma"":1.6}",3,ok,96.564,1205551,
5,Gemini_Generated_Image_mxni0xmxni0xmxni.png,bench_05.png,1024,768,Gamma,"{""gamma"":1.6}",4,ok,78.487,1205551,
5,Gemini_Generated_Image_mxni0xmxni0xmxni.png,bench_05.png,1024,768,Gamma,"{""gamma"":1.6}",5,ok,78.279,1205551,
5,Gemini_Generated_Image_mxni0xmxni0xmxni.png,bench_05.png,1024,768,Gamma,"{""gamma"":1.6}",6,ok,78.730,1205551,
5,Gemini_Generated_Image_mxni0xmxni0xmxni.png,bench_05.png,1024,768,Gamma,"{""gamma"":1.6}",7,ok,78.091,1205551,
5,Gemini_Generated_Image_mxni0xmxni0xmxni.png,bench_05.png,1024,768,Gamma,"{""gamma"":1.6}",8,ok,83.332,1205551,
5,Gemini_Generated_Image_mxni0xmxni0xmxni.png,bench_05.png,1024,768,Gamma,"{""gamma"":1.6}",9,ok,83.486,1205551,
5,Gemini_Generated_Image_mxni0xmxni0xmxni.png,bench_05.png,1024,768,Gamma,"{""gamma"":1.6}",10,ok,81.614,1205551,
5,Gemini_Generated_Image_mxni0xmxni0xmxni.png,bench_05.png,1024,768,Smooth,"{""radius"":1}",1,ok,98.925,1110892,
5,Gemini_Generated_Image_mxni0xmxni0xmxni.png,bench_05.png,1024,768,Smooth,"{""radius"":1}",2,ok,105.995,1110892,
5,Gemini_Generated_Image_mxni0xmxni0xmxni.png,bench_05.png,1024,768,Smooth,"{""radius"":1}",3,ok,96.743,1110892,
5,Gemini_Generated_Image_mxni0xmxni0xmxni.png,bench_05.png,1024,768,Smooth,"{""radius"":1}",4,ok,101.123,1110892,
5,Gemini_Generated_Image_mxni0xmxni0xmxni.png,bench_05.png,1024,768,Smooth,"{""radius"":1}",5,ok,117.567,1110892,
5,Gemini_Generated_Image_mxni0xmxni0xmxni.png,bench_05.png,1024,768,Smooth,"{""radius"":1}",6,ok,96.372,1110892,
5,Gemini_Generated_Image_mxni0xmxni0xmxni.png,bench_05.png,1024,768,Smooth,"{""radius"":1}",7,ok,102.980,1110892,
5,Gemini_Generated_Image_mxni0xmxni0xmxni.png,bench_05.png,1024,768,Smooth,"{""radius"":1}",8,ok,97.811,1110892,
5,Gemini_Generated_Image_mxni0xmxni0xmxni.png,bench_05.png,1024,768,Smooth,"{""radius"":1}",9,ok,97.925,1110892,
5,Gemini_Generated_Image_mxni0xmxni0xmxni.png,bench_05.png,1024,768,Smooth,"{""radius"":1}",10,ok,97.119,1110892,
5,Gemini_Generated_Image_mxni0xmxni0xmxni.png,bench_05.png,1024,768,EdgeDetectHV,"{""direction"":2}",1,ok,145.482,1485536,
5,Gemini_Generated_Image_mxni0xmxni0xmxni.png,bench_05.png,1024,768,EdgeDetectHV,"{""direction"":2}",2,ok,142.404,1485536,
5,Gemini_Generated_Image_mxni0xmxni0xmxni.png,bench_05.png,1024,768,EdgeDetectHV,"{""direction"":2}",3,ok,150.464,1485536,
5,Gemini_Generated_Image_mxni0xmxni0xmxni.png,bench_05.png,1024,768,EdgeDetectHV,"{""direction"":2}",4,ok,145.279,1485536,
5,Gemini_Generated_Image_mxni0xmxni0xmxni.png,bench_05.png,1024,768,EdgeDetectHV,"{""direction"":2}",5,ok,172.088,1485536,
5,Gemini_Generated_Image_mxni0xmxni0xmxni.png,bench_05.png,1024,768,EdgeDetectHV,"{""direction"":2}",6,ok,159.153,1485536,
5,Gemini_Generated_Image_mxni0xmxni0xmxni.png,bench_05.png,1024,768,EdgeDetectHV,"{""direction"":2}",7,ok,147.874,1485536,
5,Gemini_Generated_Image_mxni0xmxni0xmxni.png,bench_05.png,1024,768,EdgeDetectHV,"{""direction"":2}",8,ok,143.970,1485536,
5,Gemini_Generated_Image_mxni0xmxni0xmxni.png,bench_05.png,1024,768,EdgeDetectHV,"{""direction"":2}",9,ok,143.732,1485536,
5,Gemini_Generated_Image_mxni0xmxni0xmxni.png,bench_05.png,1024,768,EdgeDetectHV,"{""direction"":2}",10,ok,170.165,1485536,
5,Gemini_Generated_Image_mxni0xmxni0xmxni.png,bench_05.png,1024,768,Flip,"{""axis"":0}",1,ok,89.497,1268264,
5,Gemini_Generated_Image_mxni0xmxni0xmxni.png,bench_05.png,1024,768,Flip,"{""axis"":0}",2,ok,90.997,1268264,
5,Gemini_Generated_Image_mxni0xmxni0xmxni.png,bench_05.png,1024,768,Flip,"{""axis"":0}",3,ok,89.589,1268264,
5,Gemini_Generated_Image_mxni0xmxni0xmxni.png,bench_05.png,1024,768,Flip,"{""axis"":0}",4,ok,94.231,1268264,
5,Gemini_Generated_Image_mxni0xmxni0xmxni.png,bench_05.png,1024,768,Flip,"{""axis"":0}",5,ok,105.453,1268264,
5,Gemini_Generated_Image_mxni0xmxni0xmxni.png,bench_05.png,1024,768,Flip,"{""axis"":0}",6,ok,102.418,1268264,
5,Gemini_Generated_Image_mxni0xmxni0xmxni.png,bench_05.png,1024,768,Flip,"{""axis"":0}",7,ok,108.059,1268264,
5,Gemini_Generated_Image_mxni0xmxni0xmxni.png,bench_05.png,1024,768,Flip,"{""axis"":0}",8,ok,95.059,1268264,
5,Gemini_Generated_Image_mxni0xmxni0xmxni.png,bench_05.png,1024,768,Flip,"{""axis"":0}",9,ok,90.579,1268264,
5,Gemini_Generated_Image_mxni0xmxni0xmxni.png,bench_05.png,1024,768,Flip,"{""axis"":0}",10,ok,91.699,1268264,
5,Gemini_Generated_Image_mxni0xmxni0xmxni.png,bench_05.png,1024,768,Water,"{""amplitude"":5,""wavelength"":20}",1,ok,98.585,1202323,
5,Gemini_Generated_Image_mxni0xmxni0xmxni.png,bench_05.png,1024,768,Water,"{""amplitude"":5,""wavelength"":20}",2,ok,93.972,1202323,
5,Gemini_Generated_Image_mxni0xmxni0xmxni.png,bench_05.png,1024,768,Water,"{""amplitude"":5,""wavelength"":20}",3,ok,90.159,1202323,
5,Gemini_Generated_Image_mxni0xmxni0xmxni.png,bench_05.png,1024,768,Water,"{""amplitude"":5,""wavelength"":20}",4,ok,104.206,1202323,
5,Gemini_Generated_Image_mxni0xmxni0xmxni.png,bench_05.png,1024,768,Water,"{""amplitude"":5,""wavelength"":20}",5,ok,94.715,1202323,
5,Gemini_Generated_Image_mxni0xmxni0xmxni.png,bench_05.png,1024,768,Water,"{""amplitude"":5,""wavelength"":20}",6,ok,92.037,1202323,
5,Gemini_Generated_Image_mxni0xmxni0xmxni.png,bench_05.png,1024,768,Water,"{""amplitude"":5,""wavelength"":20}",7,ok,98.256,1202323,
5,Gemini_Generated_Image_mxni0xmxni0xmxni.png,bench_05.png,1024,768,Water,"{""amplitude"":5,""wavelength"":20}",8,ok,90.592,1202323,
5,Gemini_Generated_Image_mxni0xmxni0xmxni.png,bench_05.png,1024,768,Water,"{""amplitude"":5,""wavelength"":20}",9,ok,91.245,1202323,
5,Gemini_Generated_Image_mxni0xmxni0xmxni.png,bench_05.png,1024,768,Water,"{""amplitude"":5,""wavelength"":20}",10,ok,117.779,1202323,
5,Gemini_Generated_Image_mxni0xmxni0xmxni.png,bench_05.png,1024,768,Stucki,{},1,ok,1876.695,141981,
5,Gemini_Generated_Image_mxni0xmxni0xmxni.png,bench_05.png,1024,768,Stucki,{},2,ok,1790.439,141981,
5,Gemini_Generated_Image_mxni0xmxni0xmxni.png,bench_05.png,1024,768,Stucki,{},3,ok,1794.017,141981,
5,Gemini_Generated_Image_mxni0xmxni0xmxni.png,bench_05.png,1024,768,Stucki,{},4,ok,1872.345,141981,
5,Gemini_Generated_Image_mxni0xmxni0xmxni.png,bench_05.png,1024,768,Stucki,{},5,ok,1799.568,141981,
5,Gemini_Generated_Image_mxni0xmxni0xmxni.png,bench_05.png,1024,768,Stucki,{},6,ok,1877.001,141981,
5,Gemini_Generated_Image_mxni0xmxni0xmxni.png,bench_05.png,1024,768,Stucki,{},7,ok,1808.017,141981,
5,Gemini_Generated_Image_mxni0xmxni0xmxni.png,bench_05.png,1024,768,Stucki,{},8,ok,1801.838,141981,
5,Gemini_Generated_Image_mxni0xmxni0xmxni.png,bench_05.png,1024,768,Stucki,{},9,ok,1808.996,141981,
5,Gemini_Generated_Image_mxni0xmxni0xmxni.png,bench_05.png,1024,768,Stucki,{},10,ok,1871.183,141981,
5,Gemini_Generated_Image_mxni0xmxni0xmxni.png,bench_05.png,1024,768,HistogramEqualizing,{},1,ok,82.270,1173379,
5,Gemini_Generated_Image_mxni0xmxni0xmxni.png,bench_05.png,1024,768,HistogramEqualizing,{},2,ok,82.873,1173379,
5,Gemini_Generated_Image_mxni0xmxni0xmxni.png,bench_05.png,1024,768,HistogramEqualizing,{},3,ok,83.133,1173379,
5,Gemini_Generated_Image_mxni0xmxni0xmxni.png,bench_05.png,1024,768,HistogramEqualizing,{},4,ok,81.649,1173379,
5,Gemini_Generated_Image_mxni0xmxni0xmxni.png,bench_05.png,1024,768,HistogramEqualizing,{},5,ok,86.095,1173379,
5,Gemini_Generated_Image_mxni0xmxni0xmxni.png,bench_05.png,1024,768,HistogramEqualizing,{},6,ok,83.481,1173379,
5,Gemini_Generated_Image_mxni0xmxni0xmxni.png,bench_05.png,1024,768,HistogramEqualizing,{},7,ok,83.352,1173379,
5,Gemini_Generated_Image_mxni0xmxni0xmxni.png,bench_05.png,1024,768,HistogramEqualizing,{},8,ok,86.512,1173379,
5,Gemini_Generated_Image_mxni0xmxni0xmxni.png,bench_05.png,1024,768,HistogramEqualizing,{},9,ok,82.928,1173379,
5,Gemini_Generated_Image_mxni0xmxni0xmxni.png,bench_05.png,1024,768,HistogramEqualizing,{},10,ok,83.252,1173379,
6,koichi_hirose_wallpaper_by_spammboy_df0c6mi-fullview.jpg,bench_06.png,1024,768,Grayscale,{},1,ok,67.242,1151119,
6,koichi_hirose_wallpaper_by_spammboy_df0c6mi-fullview.jpg,bench_06.png,1024,768,Grayscale,{},2,ok,72.104,1151119,
6,koichi_hirose_wallpaper_by_spammboy_df0c6mi-fullview.jpg,bench_06.png,1024,768,Grayscale,{},3,ok,62.402,1151119,
6,koichi_hirose_wallpaper_by_spammboy_df0c6mi-fullview.jpg,bench_06.png,1024,768,Grayscale,{},4,ok,63.185,1151119,
6,koichi_hirose_wallpaper_by_spammboy_df0c6mi-fullview.jpg,bench_06.png,1024,768,Grayscale,{},5,ok,83.854,1151119,
6,koichi_hirose_wallpaper_by_spammboy_df0c6mi-fullview.jpg,bench_06.png,1024,768,Grayscale,{},6,ok,64.946,1151119,
6,koichi_hirose_wallpaper_by_spammboy_df0c6mi-fullview.jpg,bench_06.png,1024,768,Grayscale,{},7,ok,66.661,1151119,
6,koichi_hirose_wallpaper_by_spammboy_df0c6mi-fullview.jpg,bench_06.png,1024,768,Grayscale,{},8,ok,63.384,1151119,
6,koichi_hirose_wallpaper_by_spammboy_df0c6mi-fullview.jpg,bench_06.png,1024,768,Grayscale,{},9,ok,63.200,1151119,
6,koichi_hirose_wallpaper_by_spammboy_df0c6mi-fullview.jpg,bench_06.png,1024,768,Grayscale,{},10,ok,77.977,1151119,
6,koichi_hirose_wallpaper_by_spammboy_df0c6mi-fullview.jpg,bench_06.png,1024,768,Invert,{},1,ok,88.626,1728830,
6,koichi_hirose_wallpaper_by_spammboy_df0c6mi-fullview.jpg,bench_06.png,1024,768,Invert,{},2,ok,87.633,1728830,
6,koichi_hirose_wallpaper_by_spammboy_df0c6mi-fullview.jpg,bench_06.png,1024,768,Invert,{},3,ok,112.696,1728830,
6,koichi_hirose_wallpaper_by_spammboy_df0c6mi-fullview.jpg,bench_06.png,1024,768,Invert,{},4,ok,99.654,1728830,
6,koichi_hirose_wallpaper_by_spammboy_df0c6mi-fullview.jpg,bench_06.png,1024,768,Invert,{},5,ok,87.854,1728830,
6,koichi_hirose_wallpaper_by_spammboy_df0c6mi-fullview.jpg,bench_06.png,1024,768,Invert,{},6,ok,93.001,1728830,
6,koichi_hirose_wallpaper_by_spammboy_df0c6mi-fullview.jpg,bench_06.png,1024,768,Invert,{},7,ok,114.558,1728830,
6,koichi_hirose_wallpaper_by_spammboy_df0c6mi-fullview.jpg,bench_06.png,1024,768,Invert,{},8,ok,97.258,1728830,
6,koichi_hirose_wallpaper_by_spammboy_df0c6mi-fullview.jpg,bench_06.png,1024,768,Invert,{},9,ok,99.022,1728830,
6,koichi_hirose_wallpaper_by_spammboy_df0c6mi-fullview.jpg,bench_06.png,1024,768,Invert,{},10,ok,88.829,1728830,
6,koichi_hirose_wallpaper_by_spammboy_df0c6mi-fullview.jpg,bench_06.png,1024,768,Brightness,"{""delta"":40}",1,ok,82.037,1392048,
6,koichi_hirose_wallpaper_by_spammboy_df0c6mi-fullview.jpg,bench_06.png,1024,768,Brightness,"{""delta"":40}",2,ok,79.041,1392048,
6,koichi_hirose_wallpaper_by_spammboy_df0c6mi-fullview.jpg,bench_06.png,1024,768,Brightness,"{""delta"":40}",3,ok,80.667,1392048,
6,koichi_hirose_wallpaper_by_spammboy_df0c6mi-fullview.jpg,bench_06.png,1024,768,Brightness,"{""delta"":40}",4,ok,80.992,1392048,
6,koichi_hirose_wallpaper_by_spammboy_df0c6mi-fullview.jpg,bench_06.png,1024,768,Brightness,"{""delta"":40}",5,ok,81.781,1392048,
6,koichi_hirose_wallpaper_by_spammboy_df0c6mi-fullview.jpg,bench_06.png,1024,768,Brightness,"{""delta"":40}",6,ok,82.200,1392048,
6,koichi_hirose_wallpaper_by_spammboy_df0c6mi-fullview.jpg,bench_06.png,1024,768,Brightness,"{""delta"":40}",7,ok,78.713,1392048,
6,koichi_hirose_wallpaper_by_spammboy_df0c6mi-fullview.jpg,bench_06.png,1024,768,Brightness,"{""delta"":40}",8,ok,80.223,1392048,
6,koichi_hirose_wallpaper_by_spammboy_df0c6mi-fullview.jpg,bench_06.png,1024,768,Brightness,"{""delta"":40}",9,ok,78.612,1392048,
6,koichi_hirose_wallpaper_by_spammboy_df0c6mi-fullview.jpg,bench_06.png,1024,768,Brightness,"{""delta"":40}",10,ok,95.630,1392048,
6,koichi_hirose_wallpaper_by_spammboy_df0c6mi-fullview.jpg,bench_06.png,1024,768,Contrast,"{""factor"":1.4}",1,ok,61.592,954130,
6,koichi_hirose_wallpaper_by_spammboy_df0c6mi-fullview.jpg,bench_06.png,1024,768,Contrast,"{""factor"":1.4}",2,ok,64.524,954130,
6,koichi_hirose_wallpaper_by_spammboy_df0c6mi-fullview.jpg,bench_06.png,1024,768,Contrast,"{""factor"":1.4}",3,ok,61.814,954130,
6,koichi_hirose_wallpaper_by_spammboy_df0c6mi-fullview.jpg,bench_06.png,1024,768,Contrast,"{""factor"":1.4}",4,ok,62.974,954130,
6,koichi_hirose_wallpaper_by_spammboy_df0c6mi-fullview.jpg,bench_06.png,1024,768,Contrast,"{""factor"":1.4}",5,ok,61.797,954130,
6,koichi_hirose_wallpaper_by_spammboy_df0c6mi-fullview.jpg,bench_06.png,1024,768,Contrast,"{""factor"":1.4}",6,ok,62.951,954130,
6,koichi_hirose_wallpaper_by_spammboy_df0c6mi-fullview.jpg,bench_06.png,1024,768,Contrast,"{""factor"":1.4}",7,ok,61.926,954130,
6,koichi_hirose_wallpaper_by_spammboy_df0c6mi-fullview.jpg,bench_06.png,1024,768,Contrast,"{""factor"":1.4}",8,ok,61.793,954130,
6,koichi_hirose_wallpaper_by_spammboy_df0c6mi-fullview.jpg,bench_06.png,1024,768,Contrast,"{""factor"":1.4}",9,ok,65.769,954130,
6,koichi_hirose_wallpaper_by_spammboy_df0c6mi-fullview.jpg,bench_06.png,1024,768,Contrast,"{""factor"":1.4}",10,ok,74.882,954130,
6,koichi_hirose_wallpaper_by_spammboy_df0c6mi-fullview.jpg,bench_06.png,1024,768,Gamma,"{""gamma"":1.6}",1,ok,88.878,1651677,
6,koichi_hirose_wallpaper_by_spammboy_df0c6mi-fullview.jpg,bench_06.png,1024,768,Gamma,"{""gamma"":1.6}",2,ok,92.741,1651677,
6,koichi_hirose_wallpaper_by_spammboy_df0c6mi-fullview.jpg,bench_06.png,1024,768,Gamma,"{""gamma"":1.6}",3,ok,87.323,1651677,
6,koichi_hirose_wallpaper_by_spammboy_df0c6mi-fullview.jpg,bench_06.png,1024,768,Gamma,"{""gamma"":1.6}",4,ok,90.352,1651677,
6,koichi_hirose_wallpaper_by_spammboy_df0c6mi-fullview.jpg,bench_06.png,1024,768,Gamma,"{""gamma"":1.6}",5,ok,101.722,1651677,
6,koichi_hirose_wallpaper_by_spammboy_df0c6mi-fullview.jpg,bench_06.png,1024,768,Gamma,"{""gamma"":1.6}",6,ok,88.171,1651677,
6,koichi_hirose_wallpaper_by_spammboy_df0c6mi-fullview.jpg,bench_06.png,1024,768,Gamma,"{""gamma"":1.6}",7,ok,88.252,1651677,
6,koichi_hirose_wallpaper_by_spammboy_df0c6mi-fullview.jpg,bench_06.png,1024,768,Gamma,"{""gamma"":1.6}",8,ok,100.041,1651677,
6,koichi_hirose_wallpaper_by_spammboy_df0c6mi-fullview.jpg,bench_06.png,1024,768,Gamma,"{""gamma"":1.6}",9,ok,90.523,1651677,
6,koichi_hirose_wallpaper_by_spammboy_df0c6mi-fullview.jpg,bench_06.png,1024,768,Gamma,"{""gamma"":1.6}",10,ok,90.104,1651677,
6,koichi_hirose_wallpaper_by_spammboy_df0c6mi-fullview.jpg,bench_06.png,1024,768,Smooth,"{""radius"":1}",1,ok,109.519,1778795,
6,koichi_hirose_wallpaper_by_spammboy_df0c6mi-fullview.jpg,bench_06.png,1024,768,Smooth,"{""radius"":1}",2,ok,111.392,1778795,
6,koichi_hirose_wallpaper_by_spammboy_df0c6mi-fullview.jpg,bench_06.png,1024,768,Smooth,"{""radius"":1}",3,ok,111.353,1778795,
6,koichi_hirose_wallpaper_by_spammboy_df0c6mi-fullview.jpg,bench_06.png,1024,768,Smooth,"{""radius"":1}",4,ok,108.952,1778795,
6,koichi_hirose_wallpaper_by_spammboy_df0c6mi-fullview.jpg,bench_06.png,1024,768,Smooth,"{""radius"":1}",5,ok,126.407,1778795,
6,koichi_hirose_wallpaper_by_spammboy_df0c6mi-fullview.jpg,bench_06.png,1024,768,Smooth,"{""radius"":1}",6,ok,110.276,1778795,
6,koichi_hirose_wallpaper_by_spammboy_df0c6mi-fullview.jpg,bench_06.png,1024,768,Smooth,"{""radius"":1}",7,ok,111.797,1778795,
6,koichi_hirose_wallpaper_by_spammboy_df0c6mi-fullview.jpg,bench_06.png,1024,768,Smooth,"{""radius"":1}",8,ok,110.064,1778795,
6,koichi_hirose_wallpaper_by_spammboy_df0c6mi-fullview.jpg,bench_06.png,1024,768,Smooth,"{""radius"":1}",9,ok,109.374,1778795,
6,koichi_hirose_wallpaper_by_spammboy_df0c6mi-fullview.jpg,bench_06.png,1024,768,Smooth,"{""radius"":1}",10,ok,110.610,1778795,
6,koichi_hirose_wallpaper_by_spammboy_df0c6mi-fullview.jpg,bench_06.png,1024,768,EdgeDetectHV,"{""direction"":2}",1,ok,144.253,1649603,
6,koichi_hirose_wallpaper_by_spammboy_df0c6mi-fullview.jpg,bench_06.png,1024,768,EdgeDetectHV,"{""direction"":2}",2,ok,144.668,1649603,
6,koichi_hirose_wallpaper_by_spammboy_df0c6mi-fullview.jpg,bench_06.png,1024,768,EdgeDetectHV,"{""direction"":2}",3,ok,147.383,1649603,
6,koichi_hirose_wallpaper_by_spammboy_df0c6mi-fullview.jpg,bench_06.png,1024,768,EdgeDetectHV,"{""direction"":2}",4,ok,148.521,1649603,
6,koichi_hirose_wallpaper_by_spammboy_df0c6mi-fullview.jpg,bench_06.png,1024,768,EdgeDetectHV,"{""direction"":2}",5,ok,144.373,1649603,
6,koichi_hirose_wallpaper_by_spammboy_df0c6mi-fullview.jpg,bench_06.png,1024,768,EdgeDetectHV,"{""direction"":2}",6,ok,151.602,1649603,
6,koichi_hirose_wallpaper_by_spammboy_df0c6mi-fullview.jpg,bench_06.png,1024,768,EdgeDetectHV,"{""direction"":2}",7,ok,143.395,1649603,
6,koichi_hirose_wallpaper_by_spammboy_df0c6mi-fullview.jpg,bench_06.png,1024,768,EdgeDetectHV,"{""direction"":2}",8,ok,151.157,1649603,
6,koichi_hirose_wallpaper_by_spammboy_df0c6mi-fullview.jpg,bench_06.png,1024,768,EdgeDetectHV,"{""direction"":2}",9,ok,164.631,1649603,
6,koichi_hirose_wallpaper_by_spammboy_df0c6mi-fullview.jpg,bench_06.png,1024,768,EdgeDetectHV,"{""direction"":2}",10,ok,149.074,1649603,
6,koichi_hirose_wallpaper_by_spammboy_df0c6mi-fullview.jpg,bench_06.png,1024,768,Flip,"{""axis"":0}",1,ok,99.349,1728930,
6,koichi_hirose_wallpaper_by_spammboy_df0c6mi-fullview.jpg,bench_06.png,1024,768,Flip,"{""axis"":0}",2,ok,108.363,1728930,
6,koichi_hirose_wallpaper_by_spammboy_df0c6mi-fullview.jpg,bench_06.png,1024,768,Flip,"{""axis"":0}",3,ok,104.243,1728930,
6,koichi_hirose_wallpaper_by_spammboy_df0c6mi-fullview.jpg,bench_06.png,1024,768,Flip,"{""axis"":0}",4,ok,112.710,1728930,
6,koichi_hirose_wallpaper_by_spammboy_df0c6mi-fullview.jpg,bench_06.png,1024,768,Flip,"{""axis"":0}",5,ok,99.962,1728930,
6,koichi_hirose_wallpaper_by_spammboy_df0c6mi-fullview.jpg,bench_06.png,1024,768,Flip,"{""axis"":0}",6,ok,102.889,1728930,
6,koichi_hirose_wallpaper_by_spammboy_df0c6mi-fullview.jpg,bench_06.png,1024,768,Flip,"{""axis"":0}",7,ok,101.072,1728930,
6,koichi_hirose_wallpaper_by_spammboy_df0c6mi-fullview.jpg,bench_06.png,1024,768,Flip,"{""axis"":0}",8,ok,100.942,1728930,
6,koichi_hirose_wallpaper_by_spammboy_df0c6mi-fullview.jpg,bench_06.png,1024,768,Flip,"{""axis"":0}",9,ok,99.518,1728930,
6,koichi_hirose_wallpaper_by_spammboy_df0c6mi-fullview.jpg,bench_06.png,1024,768,Flip,"{""axis"":0}",10,ok,104.067,1728930,
6,koichi_hirose_wallpaper_by_spammboy_df0c6mi-fullview.jpg,bench_06.png,1024,768,Water,"{""amplitude"":5,""wavelength"":20}",1,ok,103.639,1587761,
6,koichi_hirose_wallpaper_by_spammboy_df0c6mi-fullview.jpg,bench_06.png,1024,768,Water,"{""amplitude"":5,""wavelength"":20}",2,ok,99.232,1587761,
6,koichi_hirose_wallpaper_by_spammboy_df0c6mi-fullview.jpg,bench_06.png,1024,768,Water,"{""amplitude"":5,""wavelength"":20}",3,ok,105.852,1587761,
6,koichi_hirose_wallpaper_by_spammboy_df0c6mi-fullview.jpg,bench_06.png,1024,768,Water,"{""amplitude"":5,""wavelength"":20}",4,ok,102.509,1587761,
6,koichi_hirose_wallpaper_by_spammboy_df0c6mi-fullview.jpg,bench_06.png,1024,768,Water,"{""amplitude"":5,""wavelength"":20}",5,ok,104.111,1587761,
6,koichi_hirose_wallpaper_by_spammboy_df0c6mi-fullview.jpg,bench_06.png,1024,768,Water,"{""amplitude"":5,""wavelength"":20}",6,ok,99.692,1587761,
6,koichi_hirose_wallpaper_by_spammboy_df0c6mi-fullview.jpg,bench_06.png,1024,768,Water,"{""amplitude"":5,""wavelength"":20}",7,ok,107.546,1587761,
6,koichi_hirose_wallpaper_by_spammboy_df0c6mi-fullview.jpg,bench_06.png,1024,768,Water,"{""amplitude"":5,""wavelength"":20}",8,ok,108.430,1587761,
6,koichi_hirose_wallpaper_by_spammboy_df0c6mi-fullview.jpg,bench_06.png,1024,768,Water,"{""amplitude"":5,""wavelength"":20}",9,ok,103.731,1587761,
6,koichi_hirose_wallpaper_by_spammboy_df0c6mi-fullview.jpg,bench_06.png,1024,768,Water,"{""amplitude"":5,""wavelength"":20}",10,ok,103.091,1587761,
6,koichi_hirose_wallpaper_by_spammboy_df0c6mi-fullview.jpg,bench_06.png,1024,768,Stucki,{},1,ok,1862.709,142223,
6,koichi_hirose_wallpaper_by_spammboy_df0c6mi-fullview.jpg,bench_06.png,1024,768,Stucki,{},2,ok,1804.333,142223,
6,koichi_hirose_wallpaper_by_spammboy_df0c6mi-fullview.jpg,bench_06.png,1024,768,Stucki,{},3,ok,2333.441,142223,
6,koichi_hirose_wallpaper_by_spammboy_df0c6mi-fullview.jpg,bench_06.png,1024,768,Stucki,{},4,ok,1880.313,142223,
6,koichi_hirose_wallpaper_by_spammboy_df0c6mi-fullview.jpg,bench_06.png,1024,768,Stucki,{},5,ok,1784.561,142223,
6,koichi_hirose_wallpaper_by_spammboy_df0c6mi-fullview.jpg,bench_06.png,1024,768,Stucki,{},6,ok,1814.952,142223,
6,koichi_hirose_wallpaper_by_spammboy_df0c6mi-fullview.jpg,bench_06.png,1024,768,Stucki,{},7,ok,1848.164,142223,
6,koichi_hirose_wallpaper_by_spammboy_df0c6mi-fullview.jpg,bench_06.png,1024,768,Stucki,{},8,ok,1874.739,142223,
6,koichi_hirose_wallpaper_by_spammboy_df0c6mi-fullview.jpg,bench_06.png,1024,768,Stucki,{},9,ok,1888.379,142223,
6,koichi_hirose_wallpaper_by_spammboy_df0c6mi-fullview.jpg,bench_06.png,1024,768,Stucki,{},10,ok,1812.371,142223,
6,koichi_hirose_wallpaper_by_spammboy_df0c6mi-fullview.jpg,bench_06.png,1024,768,HistogramEqualizing,{},1,ok,95.184,1685410,
6,koichi_hirose_wallpaper_by_spammboy_df0c6mi-fullview.jpg,bench_06.png,1024,768,HistogramEqualizing,{},2,ok,91.118,1685410,
6,koichi_hirose_wallpaper_by_spammboy_df0c6mi-fullview.jpg,bench_06.png,1024,768,HistogramEqualizing,{},3,ok,90.743,1685410,
6,koichi_hirose_wallpaper_by_spammboy_df0c6mi-fullview.jpg,bench_06.png,1024,768,HistogramEqualizing,{},4,ok,90.763,1685410,
6,koichi_hirose_wallpaper_by_spammboy_df0c6mi-fullview.jpg,bench_06.png,1024,768,HistogramEqualizing,{},5,ok,104.167,1685410,
6,koichi_hirose_wallpaper_by_spammboy_df0c6mi-fullview.jpg,bench_06.png,1024,768,HistogramEqualizing,{},6,ok,91.944,1685410,
6,koichi_hirose_wallpaper_by_spammboy_df0c6mi-fullview.jpg,bench_06.png,1024,768,HistogramEqualizing,{},7,ok,91.012,1685410,
6,koichi_hirose_wallpaper_by_spammboy_df0c6mi-fullview.jpg,bench_06.png,1024,768,HistogramEqualizing,{},8,ok,92.565,1685410,
6,koichi_hirose_wallpaper_by_spammboy_df0c6mi-fullview.jpg,bench_06.png,1024,768,HistogramEqualizing,{},9,ok,95.163,1685410,
6,koichi_hirose_wallpaper_by_spammboy_df0c6mi-fullview.jpg,bench_06.png,1024,768,HistogramEqualizing,{},10,ok,94.059,1685410,
7,krst_terminal.jpg,bench_07.png,1024,768,Grayscale,{},1,ok,39.150,80801,
7,krst_terminal.jpg,bench_07.png,1024,768,Grayscale,{},2,ok,27.829,80801,
7,krst_terminal.jpg,bench_07.png,1024,768,Grayscale,{},3,ok,26.001,80801,
7,krst_terminal.jpg,bench_07.png,1024,768,Grayscale,{},4,ok,25.561,80801,
7,krst_terminal.jpg,bench_07.png,1024,768,Grayscale,{},5,ok,24.069,80801,
7,krst_terminal.jpg,bench_07.png,1024,768,Grayscale,{},6,ok,24.163,80801,
7,krst_terminal.jpg,bench_07.png,1024,768,Grayscale,{},7,ok,33.003,80801,
7,krst_terminal.jpg,bench_07.png,1024,768,Grayscale,{},8,ok,27.192,80801,
7,krst_terminal.jpg,bench_07.png,1024,768,Grayscale,{},9,ok,27.454,80801,
7,krst_terminal.jpg,bench_07.png,1024,768,Grayscale,{},10,ok,24.608,80801,
7,krst_terminal.jpg,bench_07.png,1024,768,Invert,{},1,ok,33.366,189443,
7,krst_terminal.jpg,bench_07.png,1024,768,Invert,{},2,ok,36.188,189443,
7,krst_terminal.jpg,bench_07.png,1024,768,Invert,{},3,ok,31.159,189443,
7,krst_terminal.jpg,bench_07.png,1024,768,Invert,{},4,ok,32.852,189443,
7,krst_terminal.jpg,bench_07.png,1024,768,Invert,{},5,ok,31.468,189443,
7,krst_terminal.jpg,bench_07.png,1024,768,Invert,{},6,ok,37.230,189443,
7,krst_terminal.jpg,bench_07.png,1024,768,Invert,{},7,ok,36.426,189443,
7,krst_terminal.jpg,bench_07.png,1024,768,Invert,{},8,ok,47.233,189443,
7,krst_terminal.jpg,bench_07.png,1024,768,Invert,{},9,ok,31.412,189443,
7,krst_terminal.jpg,bench_07.png,1024,768,Invert,{},10,ok,34.750,189443,
7,krst_terminal.jpg,bench_07.png,1024,768,Brightness,"{""delta"":40}",1,ok,32.741,189406,
7,krst_terminal.jpg,bench_07.png,1024,768,Brightness,"{""delta"":40}",2,ok,35.329,189406,
7,krst_terminal.jpg,bench_07.png,1024,768,Brightness,"{""delta"":40}",3,ok,32.732,189406,
7,krst_terminal.jpg,bench_07.png,1024,768,Brightness,"{""delta"":40}",4,ok,32.769,189406,
7,krst_terminal.jpg,bench_07.png,1024,768,Brightness,"{""delta"":40}",5,ok,33.879,189406,
7,krst_terminal.jpg,bench_07.png,1024,768,Brightness,"{""delta"":40}",6,ok,37.533,189406,
7,krst_terminal.jpg,bench_07.png,1024,768,Brightness,"{""delta"":40}",7,ok,32.821,189406,
7,krst_terminal.jpg,bench_07.png,1024,768,Brightness,"{""delta"":40}",8,ok,38.518,189406,
7,krst_terminal.jpg,bench_07.png,1024,768,Brightness,"{""delta"":40}",9,ok,35.632,189406,
7,krst_terminal.jpg,bench_07.png,1024,768,Brightness,"{""delta"":40}",10,ok,35.124,189406,
7,krst_terminal.jpg,bench_07.png,1024,768,Contrast,"{""factor"":1.4}",1,ok,23.073,10996,
7,krst_terminal.jpg,bench_07.png,1024,768,Contrast,"{""factor"":1.4}",2,ok,20.966,10996,
7,krst_terminal.jpg,bench_07.png,1024,768,Contrast,"{""factor"":1.4}",3,ok,24.739,10996,
7,krst_terminal.jpg,bench_07.png,1024,768,Contrast,"{""factor"":1.4}",4,ok,24.399,10996,
7,krst_terminal.jpg,bench_07.png,1024,768,Contrast,"{""factor"":1.4}",5,ok,21.131,10996,
7,krst_terminal.jpg,bench_07.png,1024,768,Contrast,"{""factor"":1.4}",6,ok,21.118,10996,
7,krst_terminal.jpg,bench_07.png,1024,768,Contrast,"{""factor"":1.4}",7,ok,20.727,10996,
7,krst_terminal.jpg,bench_07.png,1024,768,Contrast,"{""factor"":1.4}",8,ok,20.428,10996,
7,krst_terminal.jpg,bench_07.png,1024,768,Contrast,"{""factor"":1.4}",9,ok,20.730,10996,
7,krst_terminal.jpg,bench_07.png,1024,768,Contrast,"{""factor"":1.4}",10,ok,20.820,10996,
7,krst_terminal.jpg,bench_07.png,1024,768,Gamma,"{""gamma"":1.6}",1,ok,31.266,189433,
7,krst_terminal.jpg,bench_07.png,1024,768,Gamma,"{""gamma"":1.6}",2,ok,41.740,189433,
7,krst_terminal.jpg,bench_07.png,1024,768,Gamma,"{""gamma"":1.6}",3,ok,32.631,189433,
7,krst_terminal.jpg,bench_07.png,1024,768,Gamma,"{""gamma"":1.6}",4,ok,32.429,189433,
7,krst_terminal.jpg,bench_07.png,1024,768,Gamma,"{""gamma"":1.6}",5,ok,31.313,189433,
7,krst_terminal.jpg,bench_07.png,1024,768,Gamma,"{""gamma"":1.6}",6,ok,33.012,189433,
7,krst_terminal.jpg,bench_07.png,1024,768,Gamma,"{""gamma"":1.6}",7,ok,31.596,189433,
7,krst_terminal.jpg,bench_07.png,1024,768,Gamma,"{""gamma"":1.6}",8,ok,38.170,189433,
7,krst_terminal.jpg,bench_07.png,1024,768,Gamma,"{""gamma"":1.6}",9,ok,32.183,189433,
7,krst_terminal.jpg,bench_07.png,1024,768,Gamma,"{""gamma"":1.6}",10,ok,31.800,189433,
7,krst_terminal.jpg,bench_07.png,1024,768,Smooth,"{""radius"":1}",1,ok,56.830,183867,
7,krst_terminal.jpg,bench_07.png,1024,768,Smooth,"{""radius"":1}",2,ok,56.622,183867,
7,krst_terminal.jpg,bench_07.png,1024,768,Smooth,"{""radius"":1}",3,ok,59.571,183867,
7,krst_terminal.jpg,bench_07.png,1024,768,Smooth,"{""radius"":1}",4,ok,55.170,183867,
7,krst_terminal.jpg,bench_07.png,1024,768,Smooth,"{""radius"":1}",5,ok,54.208,183867,
7,krst_terminal.jpg,bench_07.png,1024,768,Smooth,"{""radius"":1}",6,ok,58.010,183867,
7,krst_terminal.jpg,bench_07.png,1024,768,Smooth,"{""radius"":1}",7,ok,69.616,183867,
7,krst_terminal.jpg,bench_07.png,1024,768,Smooth,"{""radius"":1}",8,ok,54.448,183867,
7,krst_terminal.jpg,bench_07.png,1024,768,Smooth,"{""radius"":1}",9,ok,55.195,183867,
7,krst_terminal.jpg,bench_07.png,1024,768,Smooth,"{""radius"":1}",10,ok,54.803,183867,
7,krst_terminal.jpg,bench_07.png,1024,768,EdgeDetectHV,"{""direction"":2}",1,ok,97.650,400890,
7,krst_terminal.jpg,bench_07.png,1024,768,EdgeDetectHV,"{""direction"":2}",2,ok,105.406,400890,
7,krst_terminal.jpg,bench_07.png,1024,768,EdgeDetectHV,"{""direction"":2}",3,ok,109.213,400890,
7,krst_terminal.jpg,bench_07.png,1024,768,EdgeDetectHV,"{""direction"":2}",4,ok,110.860,400890,
7,krst_terminal.jpg,bench_07.png,1024,768,EdgeDetectHV,"{""direction"":2}",5,ok,100.239,400890,
7,krst_terminal.jpg,bench_07.png,1024,768,EdgeDetectHV,"{""direction"":2}",6,ok,101.574,400890,
7,krst_terminal.jpg,bench_07.png,1024,768,EdgeDetectHV,"{""direction"":2}",7,ok,100.534,400890,
7,krst_terminal.jpg,bench_07.png,1024,768,EdgeDetectHV,"{""direction"":2}",8,ok,118.010,400890,
7,krst_terminal.jpg,bench_07.png,1024,768,EdgeDetectHV,"{""direction"":2}",9,ok,112.623,400890,
7,krst_terminal.jpg,bench_07.png,1024,768,EdgeDetectHV,"{""direction"":2}",10,ok,99.861,400890,
7,krst_terminal.jpg,bench_07.png,1024,768,Flip,"{""axis"":0}",1,ok,43.601,189148,
7,krst_terminal.jpg,bench_07.png,1024,768,Flip,"{""axis"":0}",2,ok,43.672,189148,
7,krst_terminal.jpg,bench_07.png,1024,768,Flip,"{""axis"":0}",3,ok,44.438,189148,
7,krst_terminal.jpg,bench_07.png,1024,768,Flip,"{""axis"":0}",4,ok,50.530,189148,
7,krst_terminal.jpg,bench_07.png,1024,768,Flip,"{""axis"":0}",5,ok,44.150,189148,
7,krst_terminal.jpg,bench_07.png,1024,768,Flip,"{""axis"":0}",6,ok,42.663,189148,
7,krst_terminal.jpg,bench_07.png,1024,768,Flip,"{""axis"":0}",7,ok,53.539,189148,
7,krst_terminal.jpg,bench_07.png,1024,768,Flip,"{""axis"":0}",8,ok,51.498,189148,
7,krst_terminal.jpg,bench_07.png,1024,768,Flip,"{""axis"":0}",9,ok,43.396,189148,
7,krst_terminal.jpg,bench_07.png,1024,768,Flip,"{""axis"":0}",10,ok,43.366,189148,
7,krst_terminal.jpg,bench_07.png,1024,768,Water,"{""amplitude"":5,""wavelength"":20}",1,ok,54.682,272408,
7,krst_terminal.jpg,bench_07.png,1024,768,Water,"{""amplitude"":5,""wavelength"":20}",2,ok,82.877,272408,
7,krst_terminal.jpg,bench_07.png,1024,768,Water,"{""amplitude"":5,""wavelength"":20}",3,ok,55.811,272408,
7,krst_terminal.jpg,bench_07.png,1024,768,Water,"{""amplitude"":5,""wavelength"":20}",4,ok,56.748,272408,
7,krst_terminal.jpg,bench_07.png,1024,768,Water,"{""amplitude"":5,""wavelength"":20}",5,ok,69.322,272408,
7,krst_terminal.jpg,bench_07.png,1024,768,Water,"{""amplitude"":5,""wavelength"":20}",6,ok,54.587,272408,
7,krst_terminal.jpg,bench_07.png,1024,768,Water,"{""amplitude"":5,""wavelength"":20}",7,ok,53.356,272408,
7,krst_terminal.jpg,bench_07.png,1024,768,Water,"{""amplitude"":5,""wavelength"":20}",8,ok,55.631,272408,
7,krst_terminal.jpg,bench_07.png,1024,768,Water,"{""amplitude"":5,""wavelength"":20}",9,ok,53.871,272408,
7,krst_terminal.jpg,bench_07.png,1024,768,Water,"{""amplitude"":5,""wavelength"":20}",10,ok,63.875,272408,
7,krst_terminal.jpg,bench_07.png,1024,768,Stucki,{},1,ok,1784.149,109996,
7,krst_terminal.jpg,bench_07.png,1024,768,Stucki,{},2,ok,1861.581,109996,
7,krst_terminal.jpg,bench_07.png,1024,768,Stucki,{},3,ok,1816.074,109996,
7,krst_terminal.jpg,bench_07.png,1024,768,Stucki,{},4,ok,1835.053,109996,
7,krst_terminal.jpg,bench_07.png,1024,768,Stucki,{},5,ok,1917.855,109996,
7,krst_terminal.jpg,bench_07.png,1024,768,Stucki,{},6,ok,1864.123,109996,
7,krst_terminal.jpg,bench_07.png,1024,768,Stucki,{},7,ok,1808.057,109996,
7,krst_terminal.jpg,bench_07.png,1024,768,Stucki,{},8,ok,1861.200,109996,
7,krst_terminal.jpg,bench_07.png,1024,768,Stucki,{},9,ok,1899.818,109996,
7,krst_terminal.jpg,bench_07.png,1024,768,Stucki,{},10,ok,1816.451,109996,
7,krst_terminal.jpg,bench_07.png,1024,768,HistogramEqualizing,{},1,ok,35.520,190423,
7,krst_terminal.jpg,bench_07.png,1024,768,HistogramEqualizing,{},2,ok,35.252,190423,
7,krst_terminal.jpg,bench_07.png,1024,768,HistogramEqualizing,{},3,ok,39.847,190423,
7,krst_terminal.jpg,bench_07.png,1024,768,HistogramEqualizing,{},4,ok,35.413,190423,
7,krst_terminal.jpg,bench_07.png,1024,768,HistogramEqualizing,{},5,ok,37.820,190423,
7,krst_terminal.jpg,bench_07.png,1024,768,HistogramEqualizing,{},6,ok,35.190,190423,
7,krst_terminal.jpg,bench_07.png,1024,768,HistogramEqualizing,{},7,ok,35.900,190423,
7,krst_terminal.jpg,bench_07.png,1024,768,HistogramEqualizing,{},8,ok,45.976,190423,
7,krst_terminal.jpg,bench_07.png,1024,768,HistogramEqualizing,{},9,ok,35.176,190423,
7,krst_terminal.jpg,bench_07.png,1024,768,HistogramEqualizing,{},10,ok,35.448,190423,
8,krst_terminal.png,bench_08.png,1024,768,Grayscale,{},1,ok,23.934,69947,
8,krst_terminal.png,bench_08.png,1024,768,Grayscale,{},2,ok,23.407,69947,
8,krst_terminal.png,bench_08.png,1024,768,Grayscale,{},3,ok,24.251,69947,
8,krst_terminal.png,bench_08.png,1024,768,Grayscale,{},4,ok,49.197,69947,
8,krst_terminal.png,bench_08.png,1024,768,Grayscale,{},5,ok,23.356,69947,
8,krst_terminal.png,bench_08.png,1024,768,Grayscale,{},6,ok,25.240,69947,
8,krst_terminal.png,bench_08.png,1024,768,Grayscale,{},7,ok,35.988,69947,
8,krst_terminal.png,bench_08.png,1024,768,Grayscale,{},8,ok,23.282,69947,
8,krst_terminal.png,bench_08.png,1024,768,Grayscale,{},9,ok,23.464,69947,
8,krst_terminal.png,bench_08.png,1024,768,Grayscale,{},10,ok,23.475,69947,
8,krst_terminal.png,bench_08.png,1024,768,Invert,{},1,ok,30.026,160069,
8,krst_terminal.png,bench_08.png,1024,768,Invert,{},2,ok,29.204,160069,
8,krst_terminal.png,bench_08.png,1024,768,Invert,{},3,ok,29.076,160069,
8,krst_terminal.png,bench_08.png,1024,768,Invert,{},4,ok,29.299,160069,
8,krst_terminal.png,bench_08.png,1024,768,Invert,{},5,ok,29.457,160069,
8,krst_terminal.png,bench_08.png,1024,768,Invert,{},6,ok,29.706,160069,
8,krst_terminal.png,bench_08.png,1024,768,Invert,{},7,ok,30.729,160069,
8,krst_terminal.png,bench_08.png,1024,768,Invert,{},8,ok,29.300,160069,
8,krst_terminal.png,bench_08.png,1024,768,Invert,{},9,ok,34.916,160069,
8,krst_terminal.png,bench_08.png,1024,768,Invert,{},10,ok,29.260,160069,
8,krst_terminal.png,bench_08.png,1024,768,Brightness,"{""delta"":40}",1,ok,43.627,160104,
8,krst_terminal.png,bench_08.png,1024,768,Brightness,"{""delta"":40}",2,ok,30.658,160104,
8,krst_terminal.png,bench_08.png,1024,768,Brightness,"{""delta"":40}",3,ok,31.493,160104,
8,krst_terminal.png,bench_08.png,1024,768,Brightness,"{""delta"":40}",4,ok,42.201,160104,
8,krst_terminal.png,bench_08.png,1024,768,Brightness,"{""delta"":40}",5,ok,37.204,160104,
8,krst_terminal.png,bench_08.png,1024,768,Brightness,"{""delta"":40}",6,ok,37.032,160104,
8,krst_terminal.png,bench_08.png,1024,768,Brightness,"{""delta"":40}",7,ok,30.776,160104,
8,krst_terminal.png,bench_08.png,1024,768,Brightness,"{""delta"":40}",8,ok,31.060,160104,
8,krst_terminal.png,bench_08.png,1024,768,Brightness,"{""delta"":40}",9,ok,35.523,160104,
8,krst_terminal.png,bench_08.png,1024,768,Brightness,"{""delta"":40}",10,ok,32.447,160104,
8,krst_terminal.png,bench_08.png,1024,768,Contrast,"{""factor"":1.4}",1,ok,20.879,7628,
8,krst_terminal.png,bench_08.png,1024,768,Contrast,"{""factor"":1.4}",2,ok,20.739,7628,
8,krst_terminal.png,bench_08.png,1024,768,Contrast,"{""factor"":1.4}",3,ok,20.541,7628,
8,krst_terminal.png,bench_08.png,1024,768,Contrast,"{""factor"":1.4}",4,ok,20.739,7628,
8,krst_terminal.png,bench_08.png,1024,768,Contrast,"{""factor"":1.4}",5,ok,24.569,7628,
8,krst_terminal.png,bench_08.png,1024,768,Contrast,"{""factor"":1.4}",6,ok,20.491,7628,
8,krst_terminal.png,bench_08.png,1024,768,Contrast,"{""factor"":1.4}",7,ok,20.733,7628,
8,krst_terminal.png,bench_08.png,1024,768,Contrast,"{""factor"":1.4}",8,ok,21.392,7628,
8,krst_terminal.png,bench_08.png,1024,768,Contrast,"{""factor"":1.4}",9,ok,21.031,7628,
8,krst_terminal.png,bench_08.png,1024,768,Contrast,"{""factor"":1.4}",10,ok,21.249,7628,
8,krst_terminal.png,bench_08.png,1024,768,Gamma,"{""gamma"":1.6}",1,ok,34.699,160088,
8,krst_terminal.png,bench_08.png,1024,768,Gamma,"{""gamma"":1.6}",2,ok,37.116,160088,
8,krst_terminal.png,bench_08.png,1024,768,Gamma,"{""gamma"":1.6}",3,ok,29.271,160088,
8,krst_terminal.png,bench_08.png,1024,768,Gamma,"{""gamma"":1.6}",4,ok,30.306,160088,
8,krst_terminal.png,bench_08.png,1024,768,Gamma,"{""gamma"":1.6}",5,ok,29.770,160088,
8,krst_terminal.png,bench_08.png,1024,768,Gamma,"{""gamma"":1.6}",6,ok,40.905,160088,
8,krst_terminal.png,bench_08.png,1024,768,Gamma,"{""gamma"":1.6}",7,ok,33.123,160088,
8,krst_terminal.png,bench_08.png,1024,768,Gamma,"{""gamma"":1.6}",8,ok,37.315,160088,
8,krst_terminal.png,bench_08.png,1024,768,Gamma,"{""gamma"":1.6}",9,ok,36.737,160088,
8,krst_terminal.png,bench_08.png,1024,768,Gamma,"{""gamma"":1.6}",10,ok,29.517,160088,
8,krst_terminal.png,bench_08.png,1024,768,Smooth,"{""radius"":1}",1,ok,50.473,136518,
8,krst_terminal.png,bench_08.png,1024,768,Smooth,"{""radius"":1}",2,ok,63.304,136518,
8,krst_terminal.png,bench_08.png,1024,768,Smooth,"{""radius"":1}",3,ok,68.425,136518,
8,krst_terminal.png,bench_08.png,1024,768,Smooth,"{""radius"":1}",4,ok,50.445,136518,
8,krst_terminal.png,bench_08.png,1024,768,Smooth,"{""radius"":1}",5,ok,54.376,136518,
8,krst_terminal.png,bench_08.png,1024,768,Smooth,"{""radius"":1}",6,ok,51.858,136518,
8,krst_terminal.png,bench_08.png,1024,768,Smooth,"{""radius"":1}",7,ok,57.203,136518,
8,krst_terminal.png,bench_08.png,1024,768,Smooth,"{""radius"":1}",8,ok,51.050,136518,
8,krst_terminal.png,bench_08.png,1024,768,Smooth,"{""radius"":1}",9,ok,49.560,136518,
8,krst_terminal.png,bench_08.png,1024,768,Smooth,"{""radius"":1}",10,ok,50.050,136518,
8,krst_terminal.png,bench_08.png,1024,768,EdgeDetectHV,"{""direction"":2}",1,ok,94.619,294725,
8,krst_terminal.png,bench_08.png,1024,768,EdgeDetectHV,"{""direction"":2}",2,ok,95.916,294725,
8,krst_terminal.png,bench_08.png,1024,768,EdgeDetectHV,"{""direction"":2}",3,ok,106.284,294725,
8,krst_terminal.png,bench_08.png,1024,768,EdgeDetectHV,"{""direction"":2}",4,ok,92.864,294725,
8,krst_terminal.png,bench_08.png,1024,768,EdgeDetectHV,"{""direction"":2}",5,ok,93.574,294725,
8,krst_terminal.png,bench_08.png,1024,768,EdgeDetectHV,"{""direction"":2}",6,ok,115.194,294725,
8,krst_terminal.png,bench_08.png,1024,768,EdgeDetectHV,"{""direction"":2}",7,ok,93.954,294725,
8,krst_terminal.png,bench_08.png,1024,768,EdgeDetectHV,"{""direction"":2}",8,ok,106.473,294725,
8,krst_terminal.png,bench_08.png,1024,768,EdgeDetectHV,"{""direction"":2}",9,ok,97.754,294725,
8,krst_terminal.png,bench_08.png,1024,768,EdgeDetectHV,"{""direction"":2}",10,ok,93.198,294725,
8,krst_terminal.png,bench_08.png,1024,768,Flip,"{""axis"":0}",1,ok,41.422,159052,
8,krst_terminal.png,bench_08.png,1024,768,Flip,"{""axis"":0}",2,ok,42.410,159052,
8,krst_terminal.png,bench_08.png,1024,768,Flip,"{""axis"":0}",3,ok,41.570,159052,
8,krst_terminal.png,bench_08.png,1024,768,Flip,"{""axis"":0}",4,ok,45.382,159052,
8,krst_terminal.png,bench_08.png,1024,768,Flip,"{""axis"":0}",5,ok,40.741,159052,
8,krst_terminal.png,bench_08.png,1024,768,Flip,"{""axis"":0}",6,ok,42.094,159052,
8,krst_terminal.png,bench_08.png,1024,768,Flip,"{""axis"":0}",7,ok,42.038,159052,
8,krst_terminal.png,bench_08.png,1024,768,Flip,"{""axis"":0}",8,ok,41.654,159052,
8,krst_terminal.png,bench_08.png,1024,768,Flip,"{""axis"":0}",9,ok,39.816,159052,
8,krst_terminal.png,bench_08.png,1024,768,Flip,"{""axis"":0}",10,ok,54.649,159052,
8,krst_terminal.png,bench_08.png,1024,768,Water,"{""amplitude"":5,""wavelength"":20}",1,ok,49.618,229295,
8,krst_terminal.png,bench_08.png,1024,768,Water,"{""amplitude"":5,""wavelength"":20}",2,ok,55.227,229295,
8,krst_terminal.png,bench_08.png,1024,768,Water,"{""amplitude"":5,""wavelength"":20}",3,ok,51.728,229295,
8,krst_terminal.png,bench_08.png,1024,768,Water,"{""amplitude"":5,""wavelength"":20}",4,ok,49.994,229295,
8,krst_terminal.png,bench_08.png,1024,768,Water,"{""amplitude"":5,""wavelength"":20}",5,ok,49.415,229295,
8,krst_terminal.png,bench_08.png,1024,768,Water,"{""amplitude"":5,""wavelength"":20}",6,ok,50.343,229295,
8,krst_terminal.png,bench_08.png,1024,768,Water,"{""amplitude"":5,""wavelength"":20}",7,ok,74.369,229295,
8,krst_terminal.png,bench_08.png,1024,768,Water,"{""amplitude"":5,""wavelength"":20}",8,ok,51.216,229295,
8,krst_terminal.png,bench_08.png,1024,768,Water,"{""amplitude"":5,""wavelength"":20}",9,ok,52.048,229295,
8,krst_terminal.png,bench_08.png,1024,768,Water,"{""amplitude"":5,""wavelength"":20}",10,ok,48.978,229295,
8,krst_terminal.png,bench_08.png,1024,768,Stucki,{},1,ok,1842.437,110111,
8,krst_terminal.png,bench_08.png,1024,768,Stucki,{},2,ok,1806.008,110111,
8,krst_terminal.png,bench_08.png,1024,768,Stucki,{},3,ok,1866.623,110111,
8,krst_terminal.png,bench_08.png,1024,768,Stucki,{},4,ok,2289.182,110111,
8,krst_terminal.png,bench_08.png,1024,768,Stucki,{},5,ok,2286.875,110111,
8,krst_terminal.png,bench_08.png,1024,768,Stucki,{},6,ok,1867.738,110111,
8,krst_terminal.png,bench_08.png,1024,768,Stucki,{},7,ok,1836.308,110111,
8,krst_terminal.png,bench_08.png,1024,768,Stucki,{},8,ok,1842.854,110111,
8,krst_terminal.png,bench_08.png,1024,768,Stucki,{},9,ok,1815.297,110111,
8,krst_terminal.png,bench_08.png,1024,768,Stucki,{},10,ok,1787.326,110111,
8,krst_terminal.png,bench_08.png,1024,768,HistogramEqualizing,{},1,ok,34.958,159860,
8,krst_terminal.png,bench_08.png,1024,768,HistogramEqualizing,{},2,ok,33.394,159860,
8,krst_terminal.png,bench_08.png,1024,768,HistogramEqualizing,{},3,ok,45.603,159860,
8,krst_terminal.png,bench_08.png,1024,768,HistogramEqualizing,{},4,ok,33.448,159860,
8,krst_terminal.png,bench_08.png,1024,768,HistogramEqualizing,{},5,ok,32.888,159860,
8,krst_terminal.png,bench_08.png,1024,768,HistogramEqualizing,{},6,ok,33.995,159860,
8,krst_terminal.png,bench_08.png,1024,768,HistogramEqualizing,{},7,ok,33.264,159860,
8,krst_terminal.png,bench_08.png,1024,768,HistogramEqualizing,{},8,ok,33.086,159860,
8,krst_terminal.png,bench_08.png,1024,768,HistogramEqualizing,{},9,ok,33.391,159860,
8,krst_terminal.png,bench_08.png,1024,768,HistogramEqualizing,{},10,ok,39.033,159860,
9,logo.png,bench_09.png,1024,768,Grayscale,{},1,ok,23.804,45526,
9,logo.png,bench_09.png,1024,768,Grayscale,{},2,ok,31.217,45526,
9,logo.png,bench_09.png,1024,768,Grayscale,{},3,ok,20.384,45526,
9,logo.png,bench_09.png,1024,768,Grayscale,{},4,ok,20.575,45526,
9,logo.png,bench_09.png,1024,768,Grayscale,{},5,ok,20.549,45526,
9,logo.png,bench_09.png,1024,768,Grayscale,{},6,ok,21.054,45526,
9,logo.png,bench_09.png,1024,768,Grayscale,{},7,ok,21.547,45526,
9,logo.png,bench_09.png,1024,768,Grayscale,{},8,ok,20.664,45526,
9,logo.png,bench_09.png,1024,768,Grayscale,{},9,ok,35.000,45526,
9,logo.png,bench_09.png,1024,768,Grayscale,{},10,ok,28.816,45526,
9,logo.png,bench_09.png,1024,768,Invert,{},1,ok,31.107,58655,
9,logo.png,bench_09.png,1024,768,Invert,{},2,ok,21.540,58655,
9,logo.png,bench_09.png,1024,768,Invert,{},3,ok,21.084,58655,
9,logo.png,bench_09.png,1024,768,Invert,{},4,ok,20.735,58655,
9,logo.png,bench_09.png,1024,768,Invert,{},5,ok,37.960,58655,
9,logo.png,bench_09.png,1024,768,Invert,{},6,ok,21.767,58655,
9,logo.png,bench_09.png,1024,768,Invert,{},7,ok,21.148,58655,
9,logo.png,bench_09.png,1024,768,Invert,{},8,ok,20.708,58655,
9,logo.png,bench_09.png,1024,768,Invert,{},9,ok,20.886,58655,
9,logo.png,bench_09.png,1024,768,Invert,{},10,ok,21.384,58655,
9,logo.png,bench_09.png,1024,768,Brightness,"{""delta"":40}",1,ok,27.312,44549,
9,logo.png,bench_09.png,1024,768,Brightness,"{""delta"":40}",2,ok,21.534,44549,
9,logo.png,bench_09.png,1024,768,Brightness,"{""delta"":40}",3,ok,36.097,44549,
9,logo.png,bench_09.png,1024,768,Brightness,"{""delta"":40}",4,ok,29.673,44549,
9,logo.png,bench_09.png,1024,768,Brightness,"{""delta"":40}",5,ok,29.264,44549,
9,logo.png,bench_09.png,1024,768,Brightness,"{""delta"":40}",6,ok,29.170,44549,
9,logo.png,bench_09.png,1024,768,Brightness,"{""delta"":40}",7,ok,21.609,44549,
9,logo.png,bench_09.png,1024,768,Brightness,"{""delta"":40}",8,ok,21.013,44549,
9,logo.png,bench_09.png,1024,768,Brightness,"{""delta"":40}",9,ok,21.305,44549,
9,logo.png,bench_09.png,1024,768,Brightness,"{""delta"":40}",10,ok,21.454,44549,
9,logo.png,bench_09.png,1024,768,Contrast,"{""factor"":1.4}",1,ok,21.603,32485,
9,logo.png,bench_09.png,1024,768,Contrast,"{""factor"":1.4}",2,ok,21.501,32485,
9,logo.png,bench_09.png,1024,768,Contrast,"{""factor"":1.4}",3,ok,21.376,32485,
9,logo.png,bench_09.png,1024,768,Contrast,"{""factor"":1.4}",4,ok,35.068,32485,
9,logo.png,bench_09.png,1024,768,Contrast,"{""factor"":1.4}",5,ok,29.702,32485,
9,logo.png,bench_09.png,1024,768,Contrast,"{""factor"":1.4}",6,ok,21.314,32485,
9,logo.png,bench_09.png,1024,768,Contrast,"{""factor"":1.4}",7,ok,21.019,32485,
9,logo.png,bench_09.png,1024,768,Contrast,"{""factor"":1.4}",8,ok,21.200,32485,
9,logo.png,bench_09.png,1024,768,Contrast,"{""factor"":1.4}",9,ok,21.728,32485,
9,logo.png,bench_09.png,1024,768,Contrast,"{""factor"":1.4}",10,ok,21.334,32485,
9,logo.png,bench_09.png,1024,768,Gamma,"{""gamma"":1.6}",1,ok,20.717,54079,
9,logo.png,bench_09.png,1024,768,Gamma,"{""gamma"":1.6}",2,ok,20.841,54079,
9,logo.png,bench_09.png,1024,768,Gamma,"{""gamma"":1.6}",3,ok,35.211,54079,
9,logo.png,bench_09.png,1024,768,Gamma,"{""gamma"":1.6}",4,ok,21.352,54079,
9,logo.png,bench_09.png,1024,768,Gamma,"{""gamma"":1.6}",5,ok,34.738,54079,
9,logo.png,bench_09.png,1024,768,Gamma,"{""gamma"":1.6}",6,ok,21.941,54079,
9,logo.png,bench_09.png,1024,768,Gamma,"{""gamma"":1.6}",7,ok,20.508,54079,
9,logo.png,bench_09.png,1024,768,Gamma,"{""gamma"":1.6}",8,ok,24.218,54079,
9,logo.png,bench_09.png,1024,768,Gamma,"{""gamma"":1.6}",9,ok,20.392,54079,
9,logo.png,bench_09.png,1024,768,Gamma,"{""gamma"":1.6}",10,ok,20.320,54079,
9,logo.png,bench_09.png,1024,768,Smooth,"{""radius"":1}",1,ok,43.350,72957,
9,logo.png,bench_09.png,1024,768,Smooth,"{""radius"":1}",2,ok,43.977,72957,
9,logo.png,bench_09.png,1024,768,Smooth,"{""radius"":1}",3,ok,43.168,72957,
9,logo.png,bench_09.png,1024,768,Smooth,"{""radius"":1}",4,ok,44.835,72957,
9,logo.png,bench_09.png,1024,768,Smooth,"{""radius"":1}",5,ok,58.803,72957,
9,logo.png,bench_09.png,1024,768,Smooth,"{""radius"":1}",6,ok,43.047,72957,
9,logo.png,bench_09.png,1024,768,Smooth,"{""radius"":1}",7,ok,58.215,72957,
9,logo.png,bench_09.png,1024,768,Smooth,"{""radius"":1}",8,ok,42.987,72957,
9,logo.png,bench_09.png,1024,768,Smooth,"{""radius"":1}",9,ok,45.593,72957,
9,logo.png,bench_09.png,1024,768,Smooth,"{""radius"":1}",10,ok,43.209,72957,
9,logo.png,bench_09.png,1024,768,EdgeDetectHV,"{""direction"":2}",1,ok,75.275,71796,
9,logo.png,bench_09.png,1024,768,EdgeDetectHV,"{""direction"":2}",2,ok,78.236,71796,
9,logo.png,bench_09.png,1024,768,EdgeDetectHV,"{""direction"":2}",3,ok,76.659,71796,
9,logo.png,bench_09.png,1024,768,EdgeDetectHV,"{""direction"":2}",4,ok,75.230,71796,
9,logo.png,bench_09.png,1024,768,EdgeDetectHV,"{""direction"":2}",5,ok,73.970,71796,
9,logo.png,bench_09.png,1024,768,EdgeDetectHV,"{""direction"":2}",6,ok,75.349,71796,
9,logo.png,bench_09.png,1024,768,EdgeDetectHV,"{""direction"":2}",7,ok,76.500,71796,
9,logo.png,bench_09.png,1024,768,EdgeDetectHV,"{""direction"":2}",8,ok,79.744,71796,
9,logo.png,bench_09.png,1024,768,EdgeDetectHV,"{""direction"":2}",9,ok,75.591,71796,
9,logo.png,bench_09.png,1024,768,EdgeDetectHV,"{""direction"":2}",10,ok,79.387,71796,
9,logo.png,bench_09.png,1024,768,Flip,"{""axis"":0}",1,ok,56.582,56701,
9,logo.png,bench_09.png,1024,768,Flip,"{""axis"":0}",2,ok,32.053,56701,
9,logo.png,bench_09.png,1024,768,Flip,"{""axis"":0}",3,ok,31.584,56701,
9,logo.png,bench_09.png,1024,768,Flip,"{""axis"":0}",4,ok,33.768,56701,
9,logo.png,bench_09.png,1024,768,Flip,"{""axis"":0}",5,ok,32.862,56701,
9,logo.png,bench_09.png,1024,768,Flip,"{""axis"":0}",6,ok,32.839,56701,
9,logo.png,bench_09.png,1024,768,Flip,"{""axis"":0}",7,ok,33.636,56701,
9,logo.png,bench_09.png,1024,768,Flip,"{""axis"":0}",8,ok,46.909,56701,
9,logo.png,bench_09.png,1024,768,Flip,"{""axis"":0}",9,ok,31.585,56701,
9,logo.png,bench_09.png,1024,768,Flip,"{""axis"":0}",10,ok,33.230,56701,
9,logo.png,bench_09.png,1024,768,Water,"{""amplitude"":5,""wavelength"":20}",1,ok,35.365,58807,
9,logo.png,bench_09.png,1024,768,Water,"{""amplitude"":5,""wavelength"":20}",2,ok,48.507,58807,
9,logo.png,bench_09.png,1024,768,Water,"{""amplitude"":5,""wavelength"":20}",3,ok,34.585,58807,
9,logo.png,bench_09.png,1024,768,Water,"{""amplitude"":5,""wavelength"":20}",4,ok,43.186,58807,
9,logo.png,bench_09.png,1024,768,Water,"{""amplitude"":5,""wavelength"":20}",5,ok,47.579,58807,
9,logo.png,bench_09.png,1024,768,Water,"{""amplitude"":5,""wavelength"":20}",6,ok,33.956,58807,
9,logo.png,bench_09.png,1024,768,Water,"{""amplitude"":5,""wavelength"":20}",7,ok,34.051,58807,
9,logo.png,bench_09.png,1024,768,Water,"{""amplitude"":5,""wavelength"":20}",8,ok,37.682,58807,
9,logo.png,bench_09.png,1024,768,Water,"{""amplitude"":5,""wavelength"":20}",9,ok,50.144,58807,
9,logo.png,bench_09.png,1024,768,Water,"{""amplitude"":5,""wavelength"":20}",10,ok,35.498,58807,
9,logo.png,bench_09.png,1024,768,Stucki,{},1,ok,1782.367,14993,
9,logo.png,bench_09.png,1024,768,Stucki,{},2,ok,1816.118,14993,
9,logo.png,bench_09.png,1024,768,Stucki,{},3,ok,1828.095,14993,
9,logo.png,bench_09.png,1024,768,Stucki,{},4,ok,1870.141,14993,
9,logo.png,bench_09.png,1024,768,Stucki,{},5,ok,1828.089,14993,
9,logo.png,bench_09.png,1024,768,Stucki,{},6,ok,1868.830,14993,
9,logo.png,bench_09.png,1024,768,Stucki,{},7,ok,1758.088,14993,
9,logo.png,bench_09.png,1024,768,Stucki,{},8,ok,1867.227,14993,
9,logo.png,bench_09.png,1024,768,Stucki,{},9,ok,1807.789,14993,
9,logo.png,bench_09.png,1024,768,Stucki,{},10,ok,1858.286,14993,
9,logo.png,bench_09.png,1024,768,HistogramEqualizing,{},1,ok,38.435,47796,
9,logo.png,bench_09.png,1024,768,HistogramEqualizing,{},2,ok,29.910,47796,
9,logo.png,bench_09.png,1024,768,HistogramEqualizing,{},3,ok,24.981,47796,
9,logo.png,bench_09.png,1024,768,HistogramEqualizing,{},4,ok,25.208,47796,
9,logo.png,bench_09.png,1024,768,HistogramEqualizing,{},5,ok,25.899,47796,
9,logo.png,bench_09.png,1024,768,HistogramEqualizing,{},6,ok,25.095,47796,
9,logo.png,bench_09.png,1024,768,HistogramEqualizing,{},7,ok,25.271,47796,
9,logo.png,bench_09.png,1024,768,HistogramEqualizing,{},8,ok,26.973,47796,
9,logo.png,bench_09.png,1024,768,HistogramEqualizing,{},9,ok,33.174,47796,
9,logo.png,bench_09.png,1024,768,HistogramEqualizing,{},10,ok,25.225,47796,
10,piqsels.com-id-zvwxj.jpg,bench_10.png,1024,768,Grayscale,{},1,ok,75.646,1212872,
10,piqsels.com-id-zvwxj.jpg,bench_10.png,1024,768,Grayscale,{},2,ok,66.824,1212872,
10,piqsels.com-id-zvwxj.jpg,bench_10.png,1024,768,Grayscale,{},3,ok,65.335,1212872,
10,piqsels.com-id-zvwxj.jpg,bench_10.png,1024,768,Grayscale,{},4,ok,70.586,1212872,
10,piqsels.com-id-zvwxj.jpg,bench_10.png,1024,768,Grayscale,{},5,ok,85.043,1212872,
10,piqsels.com-id-zvwxj.jpg,bench_10.png,1024,768,Grayscale,{},6,ok,69.098,1212872,
10,piqsels.com-id-zvwxj.jpg,bench_10.png,1024,768,Grayscale,{},7,ok,65.532,1212872,
10,piqsels.com-id-zvwxj.jpg,bench_10.png,1024,768,Grayscale,{},8,ok,66.257,1212872,
10,piqsels.com-id-zvwxj.jpg,bench_10.png,1024,768,Grayscale,{},9,ok,65.486,1212872,
10,piqsels.com-id-zvwxj.jpg,bench_10.png,1024,768,Grayscale,{},10,ok,66.451,1212872,
10,piqsels.com-id-zvwxj.jpg,bench_10.png,1024,768,Invert,{},1,ok,113.997,2191488,
10,piqsels.com-id-zvwxj.jpg,bench_10.png,1024,768,Invert,{},2,ok,102.096,2191488,
10,piqsels.com-id-zvwxj.jpg,bench_10.png,1024,768,Invert,{},3,ok,100.503,2191488,
10,piqsels.com-id-zvwxj.jpg,bench_10.png,1024,768,Invert,{},4,ok,101.852,2191488,
10,piqsels.com-id-zvwxj.jpg,bench_10.png,1024,768,Invert,{},5,ok,105.333,2191488,
10,piqsels.com-id-zvwxj.jpg,bench_10.png,1024,768,Invert,{},6,ok,101.291,2191488,
10,piqsels.com-id-zvwxj.jpg,bench_10.png,1024,768,Invert,{},7,ok,117.852,2191488,
10,piqsels.com-id-zvwxj.jpg,bench_10.png,1024,768,Invert,{},8,ok,111.373,2191488,
10,piqsels.com-id-zvwxj.jpg,bench_10.png,1024,768,Invert,{},9,ok,100.637,2191488,
10,piqsels.com-id-zvwxj.jpg,bench_10.png,1024,768,Invert,{},10,ok,108.824,2191488,
10,piqsels.com-id-zvwxj.jpg,bench_10.png,1024,768,Brightness,"{""delta"":40}",1,ok,105.374,2158859,
10,piqsels.com-id-zvwxj.jpg,bench_10.png,1024,768,Brightness,"{""delta"":40}",2,ok,101.078,2158859,
10,piqsels.com-id-zvwxj.jpg,bench_10.png,1024,768,Brightness,"{""delta"":40}",3,ok,110.731,2158859,
10,piqsels.com-id-zvwxj.jpg,bench_10.png,1024,768,Brightness,"{""delta"":40}",4,ok,101.769,2158859,
10,piqsels.com-id-zvwxj.jpg,bench_10.png,1024,768,Brightness,"{""delta"":40}",5,ok,101.828,2158859,
10,piqsels.com-id-zvwxj.jpg,bench_10.png,1024,768,Brightness,"{""delta"":40}",6,ok,107.102,2158859,
10,piqsels.com-id-zvwxj.jpg,bench_10.png,1024,768,Brightness,"{""delta"":40}",7,ok,106.633,2158859,
10,piqsels.com-id-zvwxj.jpg,bench_10.png,1024,768,Brightness,"{""delta"":40}",8,ok,117.004,2158859,
10,piqsels.com-id-zvwxj.jpg,bench_10.png,1024,768,Brightness,"{""delta"":40}",9,ok,107.439,2158859,
10,piqsels.com-id-zvwxj.jpg,bench_10.png,1024,768,Brightness,"{""delta"":40}",10,ok,102.221,2158859,
10,piqsels.com-id-zvwxj.jpg,bench_10.png,1024,768,Contrast,"{""factor"":1.4}",1,ok,95.863,1900547,
10,piqsels.com-id-zvwxj.jpg,bench_10.png,1024,768,Contrast,"{""factor"":1.4}",2,ok,99.469,1900547,
10,piqsels.com-id-zvwxj.jpg,bench_10.png,1024,768,Contrast,"{""factor"":1.4}",3,ok,105.281,1900547,
10,piqsels.com-id-zvwxj.jpg,bench_10.png,1024,768,Contrast,"{""factor"":1.4}",4,ok,103.425,1900547,
10,piqsels.com-id-zvwxj.jpg,bench_10.png,1024,768,Contrast,"{""factor"":1.4}",5,ok,120.838,1900547,
10,piqsels.com-id-zvwxj.jpg,bench_10.png,1024,768,Contrast,"{""factor"":1.4}",6,ok,101.090,1900547,
10,piqsels.com-id-zvwxj.jpg,bench_10.png,1024,768,Contrast,"{""factor"":1.4}",7,ok,99.589,1900547,
10,piqsels.com-id-zvwxj.jpg,bench_10.png,1024,768,Contrast,"{""factor"":1.4}",8,ok,95.551,1900547,
10,piqsels.com-id-zvwxj.jpg,bench_10.png,1024,768,Contrast,"{""factor"":1.4}",9,ok,109.340,1900547,
10,piqsels.com-id-zvwxj.jpg,bench_10.png,1024,768,Contrast,"{""factor"":1.4}",10,ok,112.932,1900547,
10,piqsels.com-id-zvwxj.jpg,bench_10.png,1024,768,Gamma,"{""gamma"":1.6}",1,ok,106.467,2128080,
10,piqsels.com-id-zvwxj.jpg,bench_10.png,1024,768,Gamma,"{""gamma"":1.6}",2,ok,99.819,2128080,
10,piqsels.com-id-zvwxj.jpg,bench_10.png,1024,768,Gamma,"{""gamma"":1.6}",3,ok,100.858,2128080,
10,piqsels.com-id-zvwxj.jpg,bench_10.png,1024,768,Gamma,"{""gamma"":1.6}",4,ok,105.513,2128080,
10,piqsels.com-id-zvwxj.jpg,bench_10.png,1024,768,Gamma,"{""gamma"":1.6}",5,ok,111.012,2128080,
10,piqsels.com-id-zvwxj.jpg,bench_10.png,1024,768,Gamma,"{""gamma"":1.6}",6,ok,106.753,2128080,
10,piqsels.com-id-zvwxj.jpg,bench_10.png,1024,768,Gamma,"{""gamma"":1.6}",7,ok,104.339,2128080,
10,piqsels.com-id-zvwxj.jpg,bench_10.png,1024,768,Gamma,"{""gamma"":1.6}",8,ok,114.483,2128080,
10,piqsels.com-id-zvwxj.jpg,bench_10.png,1024,768,Gamma,"{""gamma"":1.6}",9,ok,105.515,2128080,
10,piqsels.com-id-zvwxj.jpg,bench_10.png,1024,768,Gamma,"{""gamma"":1.6}",10,ok,110.173,2128080,
10,piqsels.com-id-zvwxj.jpg,bench_10.png,1024,768,Smooth,"{""radius"":1}",1,ok,124.159,2107979,
10,piqsels.com-id-zvwxj.jpg,bench_10.png,1024,768,Smooth,"{""radius"":1}",2,ok,122.380,2107979,
10,piqsels.com-id-zvwxj.jpg,bench_10.png,1024,768,Smooth,"{""radius"":1}",3,ok,135.580,2107979,
10,piqsels.com-id-zvwxj.jpg,bench_10.png,1024,768,Smooth,"{""radius"":1}",4,ok,137.830,2107979,
10,piqsels.com-id-zvwxj.jpg,bench_10.png,1024,768,Smooth,"{""radius"":1}",5,ok,122.871,2107979,
10,piqsels.com-id-zvwxj.jpg,bench_10.png,1024,768,Smooth,"{""radius"":1}",6,ok,135.702,2107979,
10,piqsels.com-id-zvwxj.jpg,bench_10.png,1024,768,Smooth,"{""radius"":1}",7,ok,139.129,2107979,
10,piqsels.com-id-zvwxj.jpg,bench_10.png,1024,768,Smooth,"{""radius"":1}",8,ok,123.520,2107979,
10,piqsels.com-id-zvwxj.jpg,bench_10.png,1024,768,Smooth,"{""radius"":1}",9,ok,123.647,2107979,
10,piqsels.com-id-zvwxj.jpg,bench_10.png,1024,768,Smooth,"{""radius"":1}",10,ok,126.229,2107979,
10,piqsels.com-id-zvwxj.jpg,bench_10.png,1024,768,EdgeDetectHV,"{""direction"":2}",1,ok,157.389,2160899,
10,piqsels.com-id-zvwxj.jpg,bench_10.png,1024,768,EdgeDetectHV,"{""direction"":2}",2,ok,161.519,2160899,
10,piqsels.com-id-zvwxj.jpg,bench_10.png,1024,768,EdgeDetectHV,"{""direction"":2}",3,ok,163.601,2160899,
10,piqsels.com-id-zvwxj.jpg,bench_10.png,1024,768,EdgeDetectHV,"{""direction"":2}",4,ok,165.771,2160899,
10,piqsels.com-id-zvwxj.jpg,bench_10.png,1024,768,EdgeDetectHV,"{""direction"":2}",5,ok,158.697,2160899,
10,piqsels.com-id-zvwxj.jpg,bench_10.png,1024,768,EdgeDetectHV,"{""direction"":2}",6,ok,156.883,2160899,
10,piqsels.com-id-zvwxj.jpg,bench_10.png,1024,768,EdgeDetectHV,"{""direction"":2}",7,ok,162.281,2160899,
10,piqsels.com-id-zvwxj.jpg,bench_10.png,1024,768,EdgeDetectHV,"{""direction"":2}",8,ok,157.519,2160899,
10,piqsels.com-id-zvwxj.jpg,bench_10.png,1024,768,EdgeDetectHV,"{""direction"":2}",9,ok,156.424,2160899,
10,piqsels.com-id-zvwxj.jpg,bench_10.png,1024,768,EdgeDetectHV,"{""direction"":2}",10,ok,158.417,2160899,
10,piqsels.com-id-zvwxj.jpg,bench_10.png,1024,768,Flip,"{""axis"":0}",1,ok,113.330,2191610,
10,piqsels.com-id-zvwxj.jpg,bench_10.png,1024,768,Flip,"{""axis"":0}",2,ok,128.440,2191610,
10,piqsels.com-id-zvwxj.jpg,bench_10.png,1024,768,Flip,"{""axis"":0}",3,ok,112.423,2191610,
10,piqsels.com-id-zvwxj.jpg,bench_10.png,1024,768,Flip,"{""axis"":0}",4,ok,115.342,2191610,
10,piqsels.com-id-zvwxj.jpg,bench_10.png,1024,768,Flip,"{""axis"":0}",5,ok,121.813,2191610,
10,piqsels.com-id-zvwxj.jpg,bench_10.png,1024,768,Flip,"{""axis"":0}",6,ok,115.268,2191610,
10,piqsels.com-id-zvwxj.jpg,bench_10.png,1024,768,Flip,"{""axis"":0}",7,ok,114.323,2191610,
10,piqsels.com-id-zvwxj.jpg,bench_10.png,1024,768,Flip,"{""axis"":0}",8,ok,112.417,2191610,
10,piqsels.com-id-zvwxj.jpg,bench_10.png,1024,768,Flip,"{""axis"":0}",9,ok,113.768,2191610,
10,piqsels.com-id-zvwxj.jpg,bench_10.png,1024,768,Flip,"{""axis"":0}",10,ok,122.262,2191610,
10,piqsels.com-id-zvwxj.jpg,bench_10.png,1024,768,Water,"{""amplitude"":5,""wavelength"":20}",1,ok,108.077,1976986,
10,piqsels.com-id-zvwxj.jpg,bench_10.png,1024,768,Water,"{""amplitude"":5,""wavelength"":20}",2,ok,107.859,1976986,
10,piqsels.com-id-zvwxj.jpg,bench_10.png,1024,768,Water,"{""amplitude"":5,""wavelength"":20}",3,ok,111.688,1976986,
10,piqsels.com-id-zvwxj.jpg,bench_10.png,1024,768,Water,"{""amplitude"":5,""wavelength"":20}",4,ok,107.813,1976986,
10,piqsels.com-id-zvwxj.jpg,bench_10.png,1024,768,Water,"{""amplitude"":5,""wavelength"":20}",5,ok,113.754,1976986,
10,piqsels.com-id-zvwxj.jpg,bench_10.png,1024,768,Water,"{""amplitude"":5,""wavelength"":20}",6,ok,107.372,1976986,
10,piqsels.com-id-zvwxj.jpg,bench_10.png,1024,768,Water,"{""amplitude"":5,""wavelength"":20}",7,ok,111.608,1976986,
10,piqsels.com-id-zvwxj.jpg,bench_10.png,1024,768,Water,"{""amplitude"":5,""wavelength"":20}",8,ok,116.169,1976986,
10,piqsels.com-id-zvwxj.jpg,bench_10.png,1024,768,Water,"{""amplitude"":5,""wavelength"":20}",9,ok,108.215,1976986,
10,piqsels.com-id-zvwxj.jpg,bench_10.png,1024,768,Water,"{""amplitude"":5,""wavelength"":20}",10,ok,108.140,1976986,
10,piqsels.com-id-zvwxj.jpg,bench_10.png,1024,768,Stucki,{},1,ok,1781.201,175363,
10,piqsels.com-id-zvwxj.jpg,bench_10.png,1024,768,Stucki,{},2,ok,1794.269,175363,
10,piqsels.com-id-zvwxj.jpg,bench_10.png,1024,768,Stucki,{},3,ok,1915.474,175363,
10,piqsels.com-id-zvwxj.jpg,bench_10.png,1024,768,Stucki,{},4,ok,1813.782,175363,
10,piqsels.com-id-zvwxj.jpg,bench_10.png,1024,768,Stucki,{},5,ok,1857.929,175363,
10,piqsels.com-id-zvwxj.jpg,bench_10.png,1024,768,Stucki,{},6,ok,1815.091,175363,
10,piqsels.com-id-zvwxj.jpg,bench_10.png,1024,768,Stucki,{},7,ok,2044.453,175363,
10,piqsels.com-id-zvwxj.jpg,bench_10.png,1024,768,Stucki,{},8,ok,1862.031,175363,
10,piqsels.com-id-zvwxj.jpg,bench_10.png,1024,768,Stucki,{},9,ok,1824.610,175363,
10,piqsels.com-id-zvwxj.jpg,bench_10.png,1024,768,Stucki,{},10,ok,1849.702,175363,
10,piqsels.com-id-zvwxj.jpg,bench_10.png,1024,768,HistogramEqualizing,{},1,ok,119.359,2213979,
10,piqsels.com-id-zvwxj.jpg,bench_10.png,1024,768,HistogramEqualizing,{},2,ok,104.329,2213979,
10,piqsels.com-id-zvwxj.jpg,bench_10.png,1024,768,HistogramEqualizing,{},3,ok,109.656,2213979,
10,piqsels.com-id-zvwxj.jpg,bench_10.png,1024,768,HistogramEqualizing,{},4,ok,110.144,2213979,
10,piqsels.com-id-zvwxj.jpg,bench_10.png,1024,768,HistogramEqualizing,{},5,ok,106.270,2213979,
10,piqsels.com-id-zvwxj.jpg,bench_10.png,1024,768,HistogramEqualizing,{},6,ok,114.424,2213979,
10,piqsels.com-id-zvwxj.jpg,bench_10.png,1024,768,HistogramEqualizing,{},7,ok,109.170,2213979,
10,piqsels.com-id-zvwxj.jpg,bench_10.png,1024,768,HistogramEqualizing,{},8,ok,104.156,2213979,
10,piqsels.com-id-zvwxj.jpg,bench_10.png,1024,768,HistogramEqualizing,{},9,ok,119.760,2213979,
10,piqsels.com-id-zvwxj.jpg,bench_10.png,1024,768,HistogramEqualizing,{},10,ok,105.691,2213979,
11,"Sveti_Đorđe,_Galerija_Matice_Srpske.jpg",bench_11.png,1024,768,Grayscale,{},1,ok,61.437,810376,
11,"Sveti_Đorđe,_Galerija_Matice_Srpske.jpg",bench_11.png,1024,768,Grayscale,{},2,ok,65.060,810376,
11,"Sveti_Đorđe,_Galerija_Matice_Srpske.jpg",bench_11.png,1024,768,Grayscale,{},3,ok,60.376,810376,
11,"Sveti_Đorđe,_Galerija_Matice_Srpske.jpg",bench_11.png,1024,768,Grayscale,{},4,ok,60.446,810376,
11,"Sveti_Đorđe,_Galerija_Matice_Srpske.jpg",bench_11.png,1024,768,Grayscale,{},5,ok,63.174,810376,
11,"Sveti_Đorđe,_Galerija_Matice_Srpske.jpg",bench_11.png,1024,768,Grayscale,{},6,ok,64.742,810376,
11,"Sveti_Đorđe,_Galerija_Matice_Srpske.jpg",bench_11.png,1024,768,Grayscale,{},7,ok,60.272,810376,
11,"Sveti_Đorđe,_Galerija_Matice_Srpske.jpg",bench_11.png,1024,768,Grayscale,{},8,ok,60.312,810376,
11,"Sveti_Đorđe,_Galerija_Matice_Srpske.jpg",bench_11.png,1024,768,Grayscale,{},9,ok,63.384,810376,
11,"Sveti_Đorđe,_Galerija_Matice_Srpske.jpg",bench_11.png,1024,768,Grayscale,{},10,ok,65.330,810376,
11,"Sveti_Đorđe,_Galerija_Matice_Srpske.jpg",bench_11.png,1024,768,Invert,{},1,ok,98.855,1830899,
11,"Sveti_Đorđe,_Galerija_Matice_Srpske.jpg",bench_11.png,1024,768,Invert,{},2,ok,98.746,1830899,
11,"Sveti_Đorđe,_Galerija_Matice_Srpske.jpg",bench_11.png,1024,768,Invert,{},3,ok,95.932,1830899,
11,"Sveti_Đorđe,_Galerija_Matice_Srpske.jpg",bench_11.png,1024,768,Invert,{},4,ok,94.765,1830899,
11,"Sveti_Đorđe,_Galerija_Matice_Srpske.jpg",bench_11.png,1024,768,Invert,{},5,ok,96.747,1830899,
11,"Sveti_Đorđe,_Galerija_Matice_Srpske.jpg",bench_11.png,1024,768,Invert,{},6,ok,110.868,1830899,
11,"Sveti_Đorđe,_Galerija_Matice_Srpske.jpg",bench_11.png,1024,768,Invert,{},7,ok,108.993,1830899,
11,"Sveti_Đorđe,_Galerija_Matice_Srpske.jpg",bench_11.png,1024,768,Invert,{},8,ok,96.662,1830899,
11,"Sveti_Đorđe,_Galerija_Matice_Srpske.jpg",bench_11.png,1024,768,Invert,{},9,ok,100.012,1830899,
11,"Sveti_Đorđe,_Galerija_Matice_Srpske.jpg",bench_11.png,1024,768,Invert,{},10,ok,94.597,1830899,
11,"Sveti_Đorđe,_Galerija_Matice_Srpske.jpg",bench_11.png,1024,768,Brightness,"{""delta"":40}",1,ok,98.026,1818197,
11,"Sveti_Đorđe,_Galerija_Matice_Srpske.jpg",bench_11.png,1024,768,Brightness,"{""delta"":40}",2,ok,97.335,1818197,
11,"Sveti_Đorđe,_Galerija_Matice_Srpske.jpg",bench_11.png,1024,768,Brightness,"{""delta"":40}",3,ok,105.108,1818197,
11,"Sveti_Đorđe,_Galerija_Matice_Srpske.jpg",bench_11.png,1024,768,Brightness,"{""delta"":40}",4,ok,109.165,1818197,
11,"Sveti_Đorđe,_Galerija_Matice_Srpske.jpg",bench_11.png,1024,768,Brightness,"{""delta"":40}",5,ok,113.754,1818197,
11,"Sveti_Đorđe,_Galerija_Matice_Srpske.jpg",bench_11.png,1024,768,Brightness,"{""delta"":40}",6,ok,96.045,1818197,
11,"Sveti_Đorđe,_Galerija_Matice_Srpske.jpg",bench_11.png,1024,768,Brightness,"{""delta"":40}",7,ok,100.064,1818197,
11,"Sveti_Đorđe,_Galerija_Matice_Srpske.jpg",bench_11.png,1024,768,Brightness,"{""delta"":40}",8,ok,103.880,1818197,
11,"Sveti_Đorđe,_Galerija_Matice_Srpske.jpg",bench_11.png,1024,768,Brightness,"{""delta"":40}",9,ok,97.261,1818197,
11,"Sveti_Đorđe,_Galerija_Matice_Srpske.jpg",bench_11.png,1024,768,Brightness,"{""delta"":40}",10,ok,100.102,1818197,
11,"Sveti_Đorđe,_Galerija_Matice_Srpske.jpg",bench_11.png,1024,768,Contrast,"{""factor"":1.4}",1,ok,100.794,1808993,
11,"Sveti_Đorđe,_Galerija_Matice_Srpske.jpg",bench_11.png,1024,768,Contrast,"{""factor"":1.4}",2,ok,100.103,1808993,
11,"Sveti_Đorđe,_Galerija_Matice_Srpske.jpg",bench_11.png,1024,768,Contrast,"{""factor"":1.4}",3,ok,96.476,1808993,
11,"Sveti_Đorđe,_Galerija_Matice_Srpske.jpg",bench_11.png,1024,768,Contrast,"{""factor"":1.4}",4,ok,100.396,1808993,
11,"Sveti_Đorđe,_Galerija_Matice_Srpske.jpg",bench_11.png,1024,768,Contrast,"{""factor"":1.4}",5,ok,95.722,1808993,
11,"Sveti_Đorđe,_Galerija_Matice_Srpske.jpg",bench_11.png,1024,768,Contrast,"{""factor"":1.4}",6,ok,100.553,1808993,
11,"Sveti_Đorđe,_Galerija_Matice_Srpske.jpg",bench_11.png,1024,768,Contrast,"{""factor"":1.4}",7,ok,100.029,1808993,
11,"Sveti_Đorđe,_Galerija_Matice_Srpske.jpg",bench_11.png,1024,768,Contrast,"{""factor"":1.4}",8,ok,95.284,1808993,
11,"Sveti_Đorđe,_Galerija_Matice_Srpske.jpg",bench_11.png,1024,768,Contrast,"{""factor"":1.4}",9,ok,97.806,1808993,
11,"Sveti_Đorđe,_Galerija_Matice_Srpske.jpg",bench_11.png,1024,768,Contrast,"{""factor"":1.4}",10,ok,96.167,1808993,
11,"Sveti_Đorđe,_Galerija_Matice_Srpske.jpg",bench_11.png,1024,768,Gamma,"{""gamma"":1.6}",1,ok,97.819,1761720,
11,"Sveti_Đorđe,_Galerija_Matice_Srpske.jpg",bench_11.png,1024,768,Gamma,"{""gamma"":1.6}",2,ok,99.609,1761720,
11,"Sveti_Đorđe,_Galerija_Matice_Srpske.jpg",bench_11.png,1024,768,Gamma,"{""gamma"":1.6}",3,ok,98.821,1761720,
11,"Sveti_Đorđe,_Galerija_Matice_Srpske.jpg",bench_11.png,1024,768,Gamma,"{""gamma"":1.6}",4,ok,94.459,1761720,
11,"Sveti_Đorđe,_Galerija_Matice_Srpske.jpg",bench_11.png,1024,768,Gamma,"{""gamma"":1.6}",5,ok,114.764,1761720,
11,"Sveti_Đorđe,_Galerija_Matice_Srpske.jpg",bench_11.png,1024,768,Gamma,"{""gamma"":1.6}",6,ok,98.551,1761720,
11,"Sveti_Đorđe,_Galerija_Matice_Srpske.jpg",bench_11.png,1024,768,Gamma,"{""gamma"":1.6}",7,ok,105.743,1761720,
11,"Sveti_Đorđe,_Galerija_Matice_Srpske.jpg",bench_11.png,1024,768,Gamma,"{""gamma"":1.6}",8,ok,93.905,1761720,
11,"Sveti_Đorđe,_Galerija_Matice_Srpske.jpg",bench_11.png,1024,768,Gamma,"{""gamma"":1.6}",9,ok,109.519,1761720,
11,"Sveti_Đorđe,_Galerija_Matice_Srpske.jpg",bench_11.png,1024,768,Gamma,"{""gamma"":1.6}",10,ok,98.663,1761720,
11,"Sveti_Đorđe,_Galerija_Matice_Srpske.jpg",bench_11.png,1024,768,Smooth,"{""radius"":1}",1,ok,114.874,1700555,
11,"Sveti_Đorđe,_Galerija_Matice_Srpske.jpg",bench_11.png,1024,768,Smooth,"{""radius"":1}",2,ok,113.580,1700555,
11,"Sveti_Đorđe,_Galerija_Matice_Srpske.jpg",bench_11.png,1024,768,Smooth,"{""radius"":1}",3,ok,114.343,1700555,
11,"Sveti_Đorđe,_Galerija_Matice_Srpske.jpg",bench_11.png,1024,768,Smooth,"{""radius"":1}",4,ok,115.123,1700555,
11,"Sveti_Đorđe,_Galerija_Matice_Srpske.jpg",bench_11.png,1024,768,Smooth,"{""radius"":1}",5,ok,124.172,1700555,
11,"Sveti_Đorđe,_Galerija_Matice_Srpske.jpg",bench_11.png,1024,768,Smooth,"{""radius"":1}",6,ok,117.727,1700555,
11,"Sveti_Đorđe,_Galerija_Matice_Srpske.jpg",bench_11.png,1024,768,Smooth,"{""radius"":1}",7,ok,115.054,1700555,
11,"Sveti_Đorđe,_Galerija_Matice_Srpske.jpg",bench_11.png,1024,768,Smooth,"{""radius"":1}",8,ok,115.810,1700555,
11,"Sveti_Đorđe,_Galerija_Matice_Srpske.jpg",bench_11.png,1024,768,Smooth,"{""radius"":1}",9,ok,131.923,1700555,
11,"Sveti_Đorđe,_Galerija_Matice_Srpske.jpg",bench_11.png,1024,768,Smooth,"{""radius"":1}",10,ok,119.132,1700555,
11,"Sveti_Đorđe,_Galerija_Matice_Srpske.jpg",bench_11.png,1024,768,EdgeDetectHV,"{""direction"":2}",1,ok,154.562,1885555,
11,"Sveti_Đorđe,_Galerija_Matice_Srpske.jpg",bench_11.png,1024,768,EdgeDetectHV,"{""direction"":2}",2,ok,170.848,1885555,
11,"Sveti_Đorđe,_Galerija_Matice_Srpske.jpg",bench_11.png,1024,768,EdgeDetectHV,"{""direction"":2}",3,ok,160.682,1885555,
11,"Sveti_Đorđe,_Galerija_Matice_Srpske.jpg",bench_11.png,1024,768,EdgeDetectHV,"{""direction"":2}",4,ok,156.422,1885555,
11,"Sveti_Đorđe,_Galerija_Matice_Srpske.jpg",bench_11.png,1024,768,EdgeDetectHV,"{""direction"":2}",5,ok,152.826,1885555,
11,"Sveti_Đorđe,_Galerija_Matice_Srpske.jpg",bench_11.png,1024,768,EdgeDetectHV,"{""direction"":2}",6,ok,155.981,1885555,
11,"Sveti_Đorđe,_Galerija_Matice_Srpske.jpg",bench_11.png,1024,768,EdgeDetectHV,"{""direction"":2}",7,ok,159.950,1885555,
11,"Sveti_Đorđe,_Galerija_Matice_Srpske.jpg",bench_11.png,1024,768,EdgeDetectHV,"{""direction"":2}",8,ok,158.582,1885555,
11,"Sveti_Đorđe,_Galerija_Matice_Srpske.jpg",bench_11.png,1024,768,EdgeDetectHV,"{""direction"":2}",9,ok,160.459,1885555,
11,"Sveti_Đorđe,_Galerija_Matice_Srpske.jpg",bench_11.png,1024,768,EdgeDetectHV,"{""direction"":2}",10,ok,153.059,1885555,
11,"Sveti_Đorđe,_Galerija_Matice_Srpske.jpg",bench_11.png,1024,768,Flip,"{""axis"":0}",1,ok,112.934,1830348,
11,"Sveti_Đorđe,_Galerija_Matice_Srpske.jpg",bench_11.png,1024,768,Flip,"{""axis"":0}",2,ok,106.247,1830348,
11,"Sveti_Đorđe,_Galerija_Matice_Srpske.jpg",bench_11.png,1024,768,Flip,"{""axis"":0}",3,ok,111.328,1830348,
11,"Sveti_Đorđe,_Galerija_Matice_Srpske.jpg",bench_11.png,1024,768,Flip,"{""axis"":0}",4,ok,110.376,1830348,
11,"Sveti_Đorđe,_Galerija_Matice_Srpske.jpg",bench_11.png,1024,768,Flip,"{""axis"":0}",5,ok,106.424,1830348,
11,"Sveti_Đorđe,_Galerija_Matice_Srpske.jpg",bench_11.png,1024,768,Flip,"{""axis"":0}",6,ok,107.277,1830348,
11,"Sveti_Đorđe,_Galerija_Matice_Srpske.jpg",bench_11.png,1024,768,Flip,"{""axis"":0}",7,ok,124.293,1830348,
11,"Sveti_Đorđe,_Galerija_Matice_Srpske.jpg",bench_11.png,1024,768,Flip,"{""axis"":0}",8,ok,115.892,1830348,
11,"Sveti_Đorđe,_Galerija_Matice_Srpske.jpg",bench_11.png,1024,768,Flip,"{""axis"":0}",9,ok,111.504,1830348,
11,"Sveti_Đorđe,_Galerija_Matice_Srpske.jpg",bench_11.png,1024,768,Flip,"{""axis"":0}",10,ok,107.429,1830348,
11,"Sveti_Đorđe,_Galerija_Matice_Srpske.jpg",bench_11.png,1024,768,Water,"{""amplitude"":5,""wavelength"":20}",1,ok,104.328,1694466,
11,"Sveti_Đorđe,_Galerija_Matice_Srpske.jpg",bench_11.png,1024,768,Water,"{""amplitude"":5,""wavelength"":20}",2,ok,103.014,1694466,
11,"Sveti_Đorđe,_Galerija_Matice_Srpske.jpg",bench_11.png,1024,768,Water,"{""amplitude"":5,""wavelength"":20}",3,ok,104.197,1694466,
11,"Sveti_Đorđe,_Galerija_Matice_Srpske.jpg",bench_11.png,1024,768,Water,"{""amplitude"":5,""wavelength"":20}",4,ok,105.257,1694466,
11,"Sveti_Đorđe,_Galerija_Matice_Srpske.jpg",bench_11.png,1024,768,Water,"{""amplitude"":5,""wavelength"":20}",5,ok,107.891,1694466,
11,"Sveti_Đorđe,_Galerija_Matice_Srpske.jpg",bench_11.png,1024,768,Water,"{""amplitude"":5,""wavelength"":20}",6,ok,104.520,1694466,
11,"Sveti_Đorđe,_Galerija_Matice_Srpske.jpg",bench_11.png,1024,768,Water,"{""amplitude"":5,""wavelength"":20}",7,ok,105.195,1694466,
11,"Sveti_Đorđe,_Galerija_Matice_Srpske.jpg",bench_11.png,1024,768,Water,"{""amplitude"":5,""wavelength"":20}",8,ok,102.959,1694466,
11,"Sveti_Đorđe,_Galerija_Matice_Srpske.jpg",bench_11.png,1024,768,Water,"{""amplitude"":5,""wavelength"":20}",9,ok,114.457,1694466,
11,"Sveti_Đorđe,_Galerija_Matice_Srpske.jpg",bench_11.png,1024,768,Water,"{""amplitude"":5,""wavelength"":20}",10,ok,102.043,1694466,
11,"Sveti_Đorđe,_Galerija_Matice_Srpske.jpg",bench_11.png,1024,768,Stucki,{},1,ok,1802.955,157532,
11,"Sveti_Đorđe,_Galerija_Matice_Srpske.jpg",bench_11.png,1024,768,Stucki,{},2,ok,1850.895,157532,
11,"Sveti_Đorđe,_Galerija_Matice_Srpske.jpg",bench_11.png,1024,768,Stucki,{},3,ok,1869.519,157532,
11,"Sveti_Đorđe,_Galerija_Matice_Srpske.jpg",bench_11.png,1024,768,Stucki,{},4,ok,1830.709,157532,
11,"Sveti_Đorđe,_Galerija_Matice_Srpske.jpg",bench_11.png,1024,768,Stucki,{},5,ok,1802.317,157532,
11,"Sveti_Đorđe,_Galerija_Matice_Srpske.jpg",bench_11.png,1024,768,Stucki,{},6,ok,1893.143,157532,
11,"Sveti_Đorđe,_Galerija_Matice_Srpske.jpg",bench_11.png,1024,768,Stucki,{},7,ok,1829.737,157532,
11,"Sveti_Đorđe,_Galerija_Matice_Srpske.jpg",bench_11.png,1024,768,Stucki,{},8,ok,1877.949,157532,
11,"Sveti_Đorđe,_Galerija_Matice_Srpske.jpg",bench_11.png,1024,768,Stucki,{},9,ok,1802.623,157532,
11,"Sveti_Đorđe,_Galerija_Matice_Srpske.jpg",bench_11.png,1024,768,Stucki,{},10,ok,1839.265,157532,
11,"Sveti_Đorđe,_Galerija_Matice_Srpske.jpg",bench_11.png,1024,768,HistogramEqualizing,{},1,ok,109.132,1839612,
11,"Sveti_Đorđe,_Galerija_Matice_Srpske.jpg",bench_11.png,1024,768,HistogramEqualizing,{},2,ok,100.386,1839612,
11,"Sveti_Đorđe,_Galerija_Matice_Srpske.jpg",bench_11.png,1024,768,HistogramEqualizing,{},3,ok,111.892,1839612,
11,"Sveti_Đorđe,_Galerija_Matice_Srpske.jpg",bench_11.png,1024,768,HistogramEqualizing,{},4,ok,98.770,1839612,
11,"Sveti_Đorđe,_Galerija_Matice_Srpske.jpg",bench_11.png,1024,768,HistogramEqualizing,{},5,ok,99.008,1839612,
11,"Sveti_Đorđe,_Galerija_Matice_Srpske.jpg",bench_11.png,1024,768,HistogramEqualizing,{},6,ok,102.210,1839612,
11,"Sveti_Đorđe,_Galerija_Matice_Srpske.jpg",bench_11.png,1024,768,HistogramEqualizing,{},7,ok,107.012,1839612,
11,"Sveti_Đorđe,_Galerija_Matice_Srpske.jpg",bench_11.png,1024,768,HistogramEqualizing,{},8,ok,100.524,1839612,
11,"Sveti_Đorđe,_Galerija_Matice_Srpske.jpg",bench_11.png,1024,768,HistogramEqualizing,{},9,ok,109.825,1839612,
11,"Sveti_Đorđe,_Galerija_Matice_Srpske.jpg",bench_11.png,1024,768,HistogramEqualizing,{},10,ok,110.040,1839612,
12,"Sveti_Đorđe,_Galerija_Matice_Srpske_16_9.png",bench_12.png,1024,768,Grayscale,{},1,ok,60.412,776465,
12,"Sveti_Đorđe,_Galerija_Matice_Srpske_16_9.png",bench_12.png,1024,768,Grayscale,{},2,ok,62.491,776465,
12,"Sveti_Đorđe,_Galerija_Matice_Srpske_16_9.png",bench_12.png,1024,768,Grayscale,{},3,ok,59.409,776465,
12,"Sveti_Đorđe,_Galerija_Matice_Srpske_16_9.png",bench_12.png,1024,768,Grayscale,{},4,ok,75.917,776465,
12,"Sveti_Đorđe,_Galerija_Matice_Srpske_16_9.png",bench_12.png,1024,768,Grayscale,{},5,ok,64.256,776465,
12,"Sveti_Đorđe,_Galerija_Matice_Srpske_16_9.png",bench_12.png,1024,768,Grayscale,{},6,ok,64.359,776465,
12,"Sveti_Đorđe,_Galerija_Matice_Srpske_16_9.png",bench_12.png,1024,768,Grayscale,{},7,ok,60.627,776465,
12,"Sveti_Đorđe,_Galerija_Matice_Srpske_16_9.png",bench_12.png,1024,768,Grayscale,{},8,ok,60.167,776465,
12,"Sveti_Đorđe,_Galerija_Matice_Srpske_16_9.png",bench_12.png,1024,768,Grayscale,{},9,ok,68.779,776465,
12,"Sveti_Đorđe,_Galerija_Matice_Srpske_16_9.png",bench_12.png,1024,768,Grayscale,{},10,ok,63.304,776465,
12,"Sveti_Đorđe,_Galerija_Matice_Srpske_16_9.png",bench_12.png,1024,768,Invert,{},1,ok,111.303,1856336,
12,"Sveti_Đorđe,_Galerija_Matice_Srpske_16_9.png",bench_12.png,1024,768,Invert,{},2,ok,113.937,1856336,
12,"Sveti_Đorđe,_Galerija_Matice_Srpske_16_9.png",bench_12.png,1024,768,Invert,{},3,ok,97.641,1856336,
12,"Sveti_Đorđe,_Galerija_Matice_Srpske_16_9.png",bench_12.png,1024,768,Invert,{},4,ok,95.999,1856336,
12,"Sveti_Đorđe,_Galerija_Matice_Srpske_16_9.png",bench_12.png,1024,768,Invert,{},5,ok,111.862,1856336,
12,"Sveti_Đorđe,_Galerija_Matice_Srpske_16_9.png",bench_12.png,1024,768,Invert,{},6,ok,96.331,1856336,
12,"Sveti_Đorđe,_Galerija_Matice_Srpske_16_9.png",bench_12.png,1024,768,Invert,{},7,ok,95.456,1856336,
12,"Sveti_Đorđe,_Galerija_Matice_Srpske_16_9.png",bench_12.png,1024,768,Invert,{},8,ok,108.068,1856336,
12,"Sveti_Đorđe,_Galerija_Matice_Srpske_16_9.png",bench_12.png,1024,768,Invert,{},9,ok,95.801,1856336,
12,"Sveti_Đorđe,_Galerija_Matice_Srpske_16_9.png",bench_12.png,1024,768,Invert,{},10,ok,98.109,1856336,
12,"Sveti_Đorđe,_Galerija_Matice_Srpske_16_9.png",bench_12.png,1024,768,Brightness,"{""delta"":40}",1,ok,96.805,1847158,
12,"Sveti_Đorđe,_Galerija_Matice_Srpske_16_9.png",bench_12.png,1024,768,Brightness,"{""delta"":40}",2,ok,101.799,1847158,
12,"Sveti_Đorđe,_Galerija_Matice_Srpske_16_9.png",bench_12.png,1024,768,Brightness,"{""delta"":40}",3,ok,98.533,1847158,
12,"Sveti_Đorđe,_Galerija_Matice_Srpske_16_9.png",bench_12.png,1024,768,Brightness,"{""delta"":40}",4,ok,99.695,1847158,
12,"Sveti_Đorđe,_Galerija_Matice_Srpske_16_9.png",bench_12.png,1024,768,Brightness,"{""delta"":40}",5,ok,98.021,1847158,
12,"Sveti_Đorđe,_Galerija_Matice_Srpske_16_9.png",bench_12.png,1024,768,Brightness,"{""delta"":40}",6,ok,112.846,1847158,
12,"Sveti_Đorđe,_Galerija_Matice_Srpske_16_9.png",bench_12.png,1024,768,Brightness,"{""delta"":40}",7,ok,116.700,1847158,
12,"Sveti_Đorđe,_Galerija_Matice_Srpske_16_9.png",bench_12.png,1024,768,Brightness,"{""delta"":40}",8,ok,103.110,1847158,
12,"Sveti_Đorđe,_Galerija_Matice_Srpske_16_9.png",bench_12.png,1024,768,Brightness,"{""delta"":40}",9,ok,102.136,1847158,
12,"Sveti_Đorđe,_Galerija_Matice_Srpske_16_9.png",bench_12.png,1024,768,Brightness,"{""delta"":40}",10,ok,112.652,1847158,
12,"Sveti_Đorđe,_Galerija_Matice_Srpske_16_9.png",bench_12.png,1024,768,Contrast,"{""factor"":1.4}",1,ok,99.044,1849342,
12,"Sveti_Đorđe,_Galerija_Matice_Srpske_16_9.png",bench_12.png,1024,768,Contrast,"{""factor"":1.4}",2,ok,116.658,1849342,
12,"Sveti_Đorđe,_Galerija_Matice_Srpske_16_9.png",bench_12.png,1024,768,Contrast,"{""factor"":1.4}",3,ok,101.461,1849342,
12,"Sveti_Đorđe,_Galerija_Matice_Srpske_16_9.png",bench_12.png,1024,768,Contrast,"{""factor"":1.4}",4,ok,112.157,1849342,
12,"Sveti_Đorđe,_Galerija_Matice_Srpske_16_9.png",bench_12.png,1024,768,Contrast,"{""factor"":1.4}",5,ok,110.797,1849342,
12,"Sveti_Đorđe,_Galerija_Matice_Srpske_16_9.png",bench_12.png,1024,768,Contrast,"{""factor"":1.4}",6,ok,97.297,1849342,
12,"Sveti_Đorđe,_Galerija_Matice_Srpske_16_9.png",bench_12.png,1024,768,Contrast,"{""factor"":1.4}",7,ok,98.244,1849342,
12,"Sveti_Đorđe,_Galerija_Matice_Srpske_16_9.png",bench_12.png,1024,768,Contrast,"{""factor"":1.4}",8,ok,107.866,1849342,
12,"Sveti_Đorđe,_Galerija_Matice_Srpske_16_9.png",bench_12.png,1024,768,Contrast,"{""factor"":1.4}",9,ok,97.243,1849342,
12,"Sveti_Đorđe,_Galerija_Matice_Srpske_16_9.png",bench_12.png,1024,768,Contrast,"{""factor"":1.4}",10,ok,122.794,1849342,
12,"Sveti_Đorđe,_Galerija_Matice_Srpske_16_9.png",bench_12.png,1024,768,Gamma,"{""gamma"":1.6}",1,ok,116.311,1759286,
12,"Sveti_Đorđe,_Galerija_Matice_Srpske_16_9.png",bench_12.png,1024,768,Gamma,"{""gamma"":1.6}",2,ok,100.199,1759286,
12,"Sveti_Đorđe,_Galerija_Matice_Srpske_16_9.png",bench_12.png,1024,768,Gamma,"{""gamma"":1.6}",3,ok,95.183,1759286,
12,"Sveti_Đorđe,_Galerija_Matice_Srpske_16_9.png",bench_12.png,1024,768,Gamma,"{""gamma"":1.6}",4,ok,96.089,1759286,
12,"Sveti_Đorđe,_Galerija_Matice_Srpske_16_9.png",bench_12.png,1024,768,Gamma,"{""gamma"":1.6}",5,ok,108.476,1759286,
12,"Sveti_Đorđe,_Galerija_Matice_Srpske_16_9.png",bench_12.png,1024,768,Gamma,"{""gamma"":1.6}",6,ok,100.645,1759286,
12,"Sveti_Đorđe,_Galerija_Matice_Srpske_16_9.png",bench_12.png,1024,768,Gamma,"{""gamma"":1.6}",7,ok,98.802,1759286,
12,"Sveti_Đorđe,_Galerija_Matice_Srpske_16_9.png",bench_12.png,1024,768,Gamma,"{""gamma"":1.6}",8,ok,111.444,1759286,
12,"Sveti_Đorđe,_Galerija_Matice_Srpske_16_9.png",bench_12.png,1024,768,Gamma,"{""gamma"":1.6}",9,ok,96.998,1759286,
12,"Sveti_Đorđe,_Galerija_Matice_Srpske_16_9.png",bench_12.png,1024,768,Gamma,"{""gamma"":1.6}",10,ok,100.029,1759286,
12,"Sveti_Đorđe,_Galerija_Matice_Srpske_16_9.png",bench_12.png,1024,768,Smooth,"{""radius"":1}",1,ok,119.834,1665641,
12,"Sveti_Đorđe,_Galerija_Matice_Srpske_16_9.png",bench_12.png,1024,768,Smooth,"{""radius"":1}",2,ok,112.392,1665641,
12,"Sveti_Đorđe,_Galerija_Matice_Srpske_16_9.png",bench_12.png,1024,768,Smooth,"{""radius"":1}",3,ok,133.237,1665641,
12,"Sveti_Đorđe,_Galerija_Matice_Srpske_16_9.png",bench_12.png,1024,768,Smooth,"{""radius"":1}",4,ok,122.025,1665641,
12,"Sveti_Đorđe,_Galerija_Matice_Srpske_16_9.png",bench_12.png,1024,768,Smooth,"{""radius"":1}",5,ok,118.605,1665641,
12,"Sveti_Đorđe,_Galerija_Matice_Srpske_16_9.png",bench_12.png,1024,768,Smooth,"{""radius"":1}",6,ok,114.587,1665641,
12,"Sveti_Đorđe,_Galerija_Matice_Srpske_16_9.png",bench_12.png,1024,768,Smooth,"{""radius"":1}",7,ok,114.165,1665641,
12,"Sveti_Đorđe,_Galerija_Matice_Srpske_16_9.png",bench_12.png,1024,768,Smooth,"{""radius"":1}",8,ok,117.256,1665641,
12,"Sveti_Đorđe,_Galerija_Matice_Srpske_16_9.png",bench_12.png,1024,768,Smooth,"{""radius"":1}",9,ok,126.891,1665641,
12,"Sveti_Đorđe,_Galerija_Matice_Srpske_16_9.png",bench_12.png,1024,768,Smooth,"{""radius"":1}",10,ok,113.559,1665641,
12,"Sveti_Đorđe,_Galerija_Matice_Srpske_16_9.png",bench_12.png,1024,768,EdgeDetectHV,"{""direction"":2}",1,ok,165.182,1843138,
12,"Sveti_Đorđe,_Galerija_Matice_Srpske_16_9.png",bench_12.png,1024,768,EdgeDetectHV,"{""direction"":2}",2,ok,157.901,1843138,
12,"Sveti_Đorđe,_Galerija_Matice_Srpske_16_9.png",bench_12.png,1024,768,EdgeDetectHV,"{""direction"":2}",3,ok,159.516,1843138,
12,"Sveti_Đorđe,_Galerija_Matice_Srpske_16_9.png",bench_12.png,1024,768,EdgeDetectHV,"{""direction"":2}",4,ok,153.334,1843138,
12,"Sveti_Đorđe,_Galerija_Matice_Srpske_16_9.png",bench_12.png,1024,768,EdgeDetectHV,"{""direction"":2}",5,ok,154.785,1843138,
12,"Sveti_Đorđe,_Galerija_Matice_Srpske_16_9.png",bench_12.png,1024,768,EdgeDetectHV,"{""direction"":2}",6,ok,160.311,1843138,
12,"Sveti_Đorđe,_Galerija_Matice_Srpske_16_9.png",bench_12.png,1024,768,EdgeDetectHV,"{""direction"":2}",7,ok,154.645,1843138,
12,"Sveti_Đorđe,_Galerija_Matice_Srpske_16_9.png",bench_12.png,1024,768,EdgeDetectHV,"{""direction"":2}",8,ok,155.138,1843138,
12,"Sveti_Đorđe,_Galerija_Matice_Srpske_16_9.png",bench_12.png,1024,768,EdgeDetectHV,"{""direction"":2}",9,ok,154.356,1843138,
12,"Sveti_Đorđe,_Galerija_Matice_Srpske_16_9.png",bench_12.png,1024,768,EdgeDetectHV,"{""direction"":2}",10,ok,156.846,1843138,
12,"Sveti_Đorđe,_Galerija_Matice_Srpske_16_9.png",bench_12.png,1024,768,Flip,"{""axis"":0}",1,ok,112.311,1856302,
12,"Sveti_Đorđe,_Galerija_Matice_Srpske_16_9.png",bench_12.png,1024,768,Flip,"{""axis"":0}",2,ok,110.092,1856302,
12,"Sveti_Đorđe,_Galerija_Matice_Srpske_16_9.png",bench_12.png,1024,768,Flip,"{""axis"":0}",3,ok,124.112,1856302,
12,"Sveti_Đorđe,_Galerija_Matice_Srpske_16_9.png",bench_12.png,1024,768,Flip,"{""axis"":0}",4,ok,109.666,1856302,
12,"Sveti_Đorđe,_Galerija_Matice_Srpske_16_9.png",bench_12.png,1024,768,Flip,"{""axis"":0}",5,ok,110.076,1856302,
12,"Sveti_Đorđe,_Galerija_Matice_Srpske_16_9.png",bench_12.png,1024,768,Flip,"{""axis"":0}",6,ok,111.309,1856302,
12,"Sveti_Đorđe,_Galerija_Matice_Srpske_16_9.png",bench_12.png,1024,768,Flip,"{""axis"":0}",7,ok,110.737,1856302,
12,"Sveti_Đorđe,_Galerija_Matice_Srpske_16_9.png",bench_12.png,1024,768,Flip,"{""axis"":0}",8,ok,109.677,1856302,
12,"Sveti_Đorđe,_Galerija_Matice_Srpske_16_9.png",bench_12.png,1024,768,Flip,"{""axis"":0}",9,ok,122.484,1856302,
12,"Sveti_Đorđe,_Galerija_Matice_Srpske_16_9.png",bench_12.png,1024,768,Flip,"{""axis"":0}",10,ok,112.470,1856302,
12,"Sveti_Đorđe,_Galerija_Matice_Srpske_16_9.png",bench_12.png,1024,768,Water,"{""amplitude"":5,""wavelength"":20}",1,ok,106.041,1714083,
12,"Sveti_Đorđe,_Galerija_Matice_Srpske_16_9.png",bench_12.png,1024,768,Water,"{""amplitude"":5,""wavelength"":20}",2,ok,109.517,1714083,
12,"Sveti_Đorđe,_Galerija_Matice_Srpske_16_9.png",bench_12.png,1024,768,Water,"{""amplitude"":5,""wavelength"":20}",3,ok,106.803,1714083,
12,"Sveti_Đorđe,_Galerija_Matice_Srpske_16_9.png",bench_12.png,1024,768,Water,"{""amplitude"":5,""wavelength"":20}",4,ok,105.263,1714083,
12,"Sveti_Đorđe,_Galerija_Matice_Srpske_16_9.png",bench_12.png,1024,768,Water,"{""amplitude"":5,""wavelength"":20}",5,ok,118.353,1714083,
12,"Sveti_Đorđe,_Galerija_Matice_Srpske_16_9.png",bench_12.png,1024,768,Water,"{""amplitude"":5,""wavelength"":20}",6,ok,117.178,1714083,
12,"Sveti_Đorđe,_Galerija_Matice_Srpske_16_9.png",bench_12.png,1024,768,Water,"{""amplitude"":5,""wavelength"":20}",7,ok,112.058,1714083,
12,"Sveti_Đorđe,_Galerija_Matice_Srpske_16_9.png",bench_12.png,1024,768,Water,"{""amplitude"":5,""wavelength"":20}",8,ok,111.813,1714083,
12,"Sveti_Đorđe,_Galerija_Matice_Srpske_16_9.png",bench_12.png,1024,768,Water,"{""amplitude"":5,""wavelength"":20}",9,ok,108.272,1714083,
12,"Sveti_Đorđe,_Galerija_Matice_Srpske_16_9.png",bench_12.png,1024,768,Water,"{""amplitude"":5,""wavelength"":20}",10,ok,111.556,1714083,
12,"Sveti_Đorđe,_Galerija_Matice_Srpske_16_9.png",bench_12.png,1024,768,Stucki,{},1,ok,1882.841,153613,
12,"Sveti_Đorđe,_Galerija_Matice_Srpske_16_9.png",bench_12.png,1024,768,Stucki,{},2,ok,1843.007,153613,
12,"Sveti_Đorđe,_Galerija_Matice_Srpske_16_9.png",bench_12.png,1024,768,Stucki,{},3,ok,1810.630,153613,
12,"Sveti_Đorđe,_Galerija_Matice_Srpske_16_9.png",bench_12.png,1024,768,Stucki,{},4,ok,1812.485,153613,
12,"Sveti_Đorđe,_Galerija_Matice_Srpske_16_9.png",bench_12.png,1024,768,Stucki,{},5,ok,1810.639,153613,
12,"Sveti_Đorđe,_Galerija_Matice_Srpske_16_9.png",bench_12.png,1024,768,Stucki,{},6,ok,1804.779,153613,
12,"Sveti_Đorđe,_Galerija_Matice_Srpske_16_9.png",bench_12.png,1024,768,Stucki,{},7,ok,1830.203,153613,
12,"Sveti_Đorđe,_Galerija_Matice_Srpske_16_9.png",bench_12.png,1024,768,Stucki,{},8,ok,1821.328,153613,
12,"Sveti_Đorđe,_Galerija_Matice_Srpske_16_9.png",bench_12.png,1024,768,Stucki,{},9,ok,1798.106,153613,
12,"Sveti_Đorđe,_Galerija_Matice_Srpske_16_9.png",bench_12.png,1024,768,Stucki,{},10,ok,1840.524,153613,
12,"Sveti_Đorđe,_Galerija_Matice_Srpske_16_9.png",bench_12.png,1024,768,HistogramEqualizing,{},1,ok,114.005,1865021,
12,"Sveti_Đorđe,_Galerija_Matice_Srpske_16_9.png",bench_12.png,1024,768,HistogramEqualizing,{},2,ok,99.914,1865021,
12,"Sveti_Đorđe,_Galerija_Matice_Srpske_16_9.png",bench_12.png,1024,768,HistogramEqualizing,{},3,ok,99.072,1865021,
12,"Sveti_Đorđe,_Galerija_Matice_Srpske_16_9.png",bench_12.png,1024,768,HistogramEqualizing,{},4,ok,106.533,1865021,
12,"Sveti_Đorđe,_Galerija_Matice_Srpske_16_9.png",bench_12.png,1024,768,HistogramEqualizing,{},5,ok,104.933,1865021,
12,"Sveti_Đorđe,_Galerija_Matice_Srpske_16_9.png",bench_12.png,1024,768,HistogramEqualizing,{},6,ok,103.882,1865021,
12,"Sveti_Đorđe,_Galerija_Matice_Srpske_16_9.png",bench_12.png,1024,768,HistogramEqualizing,{},7,ok,105.757,1865021,
12,"Sveti_Đorđe,_Galerija_Matice_Srpske_16_9.png",bench_12.png,1024,768,HistogramEqualizing,{},8,ok,100.940,1865021,
12,"Sveti_Đorđe,_Galerija_Matice_Srpske_16_9.png",bench_12.png,1024,768,HistogramEqualizing,{},9,ok,115.000,1865021,
12,"Sveti_Đorđe,_Galerija_Matice_Srpske_16_9.png",bench_12.png,1024,768,HistogramEqualizing,{},10,ok,105.247,1865021,
